imdb_id,tconst,directors,writers
tt1411697,tt1411697,nm0680846,"nm0563301,nm0035905,nm0680846,nm0524190,nm0601859"
tt1196141,tt1196141,nm0294457,"nm0066851,nm0276882,nm0007091,nm0431817,nm2732149"
tt1119646,tt1119646,nm0680846,"nm0524190,nm0601859"
tt0105151,tt0105151,nm0000265,nm0866062
tt1016301,tt1016301,"nm1618276,nm1924019","nm1618276,nm1924019"
tt0215750,tt0215750,nm0000269,"nm0000269,nm0323708"
tt0154420,tt0154420,nm0899121,"nm0899121,nm0750000"
tt0113277,tt0113277,nm0000520,nm0000520
tt4846232,tt4846232,"nm1509478,nm1343394","nm2563482,nm1343394"
tt6902676,tt6902676,nm3950520,nm3950520
tt7888964,tt7888964,nm5820154,nm4401003
tt11655202,tt11655202,nm0421314,"nm0421314,nm1064048"
tt8980602,tt8980602,nm2530291,nm2530291
tt1022603,tt1022603,nm1989536,"nm2354099,nm2352210"
tt0263488,tt0263488,nm0759207,nm0759207
tt0093822,tt0093822,"nm0001054,nm0001053","nm0001053,nm0001054"
tt2557490,tt2557490,nm0532235,"nm0532235,nm1273148,nm1273397"
tt2361509,tt2361509,nm0583600,nm0583600
tt1937390,tt1937390,nm0001885,nm0001885
tt4550098,tt4550098,nm1053530,"nm1053530,nm7216022"
tt6643972,tt6643972,nm0425364,"nm0639908,nm3957631,nm1829811"
tt6499752,tt6499752,nm1191481,nm1191481
tt10919380,tt10919380,nm0484907,"nm3208182,nm0484907"
tt9770150,tt9770150,nm2125482,"nm2125482,nm9572798"
tt12361974,tt12361974,nm0811583,"nm0796950,nm0795975,nm0811583,nm0006516,nm3263825,nm1189346,nm0004170,nm0277730,nm0551376,nm0456158"
tt1058017,tt1058017,"nm0315041,nm2816668","nm0315041,nm2816668"
tt0084335,tt0084335,nm0002020,"nm0002020,nm0829329,nm0369564,nm0629615"
tt0480669,tt0480669,nm1443023,nm1443023
tt0300140,tt0300140,nm0600546,nm0600546
tt0455967,tt0455967,nm0858525,nm0523094
tt2194499,tt2194499,nm0193485,nm0193485
tt3612616,tt3612616,nm0230859,nm0230859
tt4972582,tt4972582,nm0796117,nm0796117
tt2948372,tt2948372,"nm0230032,nm5358492","nm0230032,nm0428873,nm5358492"
tt6803046,tt6803046,nm9451696,"nm9451696,nm10508535"
tt10288566,tt10288566,nm0899121,"nm0899121,nm2105585"
tt9893250,tt9893250,nm2128335,nm2128335
tt1764234,tt1764234,nm0231596,"nm0231596,nm0383389"
tt0066919,tt0066919,nm0677880,"nm0677880,nm0685316"
tt1457767,tt1457767,nm1490123,"nm0370937,nm0370928"
tt3065204,tt3065204,nm1490123,"nm0370937,nm0370928,nm1490123,nm0424901"
tt5688932,tt5688932,nm1108556,nm1108556
tt5363618,tt5363618,nm2942187,"nm2942187,nm3473150,nm0161834"
tt8946378,tt8946378,nm0426059,nm0426059
tt9316022,tt9316022,nm2333129,"nm3530955,nm2333129"
tt1051906,tt1051906,nm1191481,"nm1191481,nm0920229"
tt7504726,tt7504726,nm0761498,"nm0338169,nm0518711,nm10950558"
tt6723592,tt6723592,nm0634240,nm0634240
tt11464826,tt11464826,nm2341611,"nm7364327,nm2420356,nm2341611"
tt0070047,tt0070047,nm0001243,nm0087861
tt0087538,tt0087538,nm0000814,nm0436543
tt0082317,tt0082317,nm0386706,"nm0345427,nm0386706"
tt4160708,tt4160708,nm1793079,"nm1793079,nm2140186"
tt3631112,tt3631112,nm0853238,"nm0933379,nm6391502"
tt0491175,tt0491175,nm0000123,"nm0001054,nm0001053,nm0000123,nm0381416"
tt5962210,tt5962210,nm0818485,"nm2434358,nm0818485"
tt2762506,tt2762506,"nm2289860,nm2207625","nm2207625,nm2289860"
tt6644200,tt6644200,nm1024677,"nm1456816,nm1399714,nm1024677"
tt6857112,tt6857112,nm1443502,nm1443502
tt8244784,tt8244784,nm0957505,"nm7226510,nm0511541"
tt8772262,tt8772262,nm4170048,nm4170048
tt13143964,tt13143964,nm0938471,"nm0056187,nm0385630,nm2255631,nm0063165,nm1106214,nm0563243,nm2773070,nm1745272,nm4988577"
tt0377092,tt0377092,nm0914132,"nm1577281,nm0275486"
tt0133189,tt0133189,nm0580669,nm0580669
tt0147800,tt0147800,nm0432627,"nm0527581,nm0809006,nm0000636"
tt0361862,tt0361862,nm0026442,nm0466925
tt0414387,tt0414387,nm0942504,"nm0595738,nm0000807,nm0000668"
tt0780571,tt0780571,nm0262595,"nm0262595,nm0317279"
tt0243155,tt0243155,nm0536632,"nm0276144,nm0203577,nm0193485"
tt0120601,tt0120601,nm0005069,nm0442109
tt1659337,tt1659337,nm0154716,nm0154716
tt7958736,tt7958736,nm0853238,nm3398282
tt11079148,tt11079148,"nm1602528,nm4958428","nm3309878,nm0022688,nm0796950,nm0795975,nm0004170,nm0277730,nm0551376,nm0456158,nm0600872,nm1449331,nm1451513,nm1393443,nm4521812,nm0938379,nm1303925,nm0227704,nm0863622,nm4587620,nm1259714,nm0918083,nm0942951,nm1189346,nm2752881"
tt11024272,tt11024272,nm0629334,"nm2356525,nm4632792,nm1843538,nm0629334,nm3929259"
tt0087995,tt0087995,nm0007182,nm0007182
tt0384793,tt0384793,nm0684336,"nm0177836,nm0171651,nm0991423"
tt0112697,tt0112697,nm0002132,nm0002132
tt0289043,tt0289043,nm0000965,nm0307497
tt2004420,tt2004420,nm0831557,"nm1157527,nm1895993"
tt4016934,tt4016934,nm0661791,"nm1258797,nm1941029,nm0661791"
tt3567288,tt3567288,nm0796117,nm0796117
tt4633694,tt4633694,"nm2130108,nm0709056,nm0745247","nm0520488,nm0745247"
tt1034415,tt1034415,nm0345174,"nm0000783,nm0630453,nm1738734"
tt4925292,tt4925292,nm1950086,nm1950086
tt5613484,tt5613484,nm1706767,nm1706767
tt1489887,tt1489887,nm1312575,"nm1054604,nm2873539,nm2573005,nm4199289"
tt7798634,tt7798634,"nm2366012,nm2419470","nm2361509,nm1459583"
tt2608732,tt2608732,nm5205122,\N
tt0328828,tt0328828,nm0245888,nm0381221
tt0486822,tt0486822,nm0142286,"nm0484907,nm0255296"
tt3289956,tt3289956,nm0004217,"nm1968372,nm3915456"
tt5895028,tt5895028,nm1148550,"nm2589786,nm1148550"
tt6333060,tt6333060,nm2406731,"nm2406731,nm0598531,nm3439150,nm8672233"
tt5308322,tt5308322,nm0484907,nm1245146
tt5826432,tt5826432,nm2618764,"nm2304786,nm2618764"
tt8155288,tt8155288,nm0484907,"nm0484907,nm1245146"
tt2584384,tt2584384,nm0169806,"nm9862836,nm0169806"
tt4736550,tt4736550,"nm5255757,nm0636675","nm5255757,nm2851010,nm13183582,nm1310430"
tt2382011,tt2382011,nm4775561,\N
tt0366551,tt0366551,nm0500444,"nm1375358,nm1376383"
tt0405422,tt0405422,nm0031976,"nm0031976,nm0136797"
tt0261392,tt0261392,nm0003620,nm0003620
tt0163651,tt0163651,"nm0919369,nm0919363",nm0381221
tt4044364,tt4044364,nm0688636,\N
tt2005151,tt2005151,nm0680846,"nm0157787,nm0680846,nm1429512,nm0493225"
tt5715874,tt5715874,nm0487166,"nm0487166,nm3328207"
tt3317234,tt3317234,nm1760830,"nm2981082,nm1760830,nm2796745,nm2981935"
tt7286456,tt7286456,nm0680846,"nm0680846,nm0798788,nm0004170,nm0277730,nm1047603"
tt7668870,tt7668870,nm3792134,"nm3792134,nm3539578"
tt8359848,tt8359848,nm0637615,nm0637615
tt8361028,tt8361028,nm3771823,"nm9807731,nm3771823,nm3561100"
tt8404614,tt8404614,nm0576987,nm0565026
tt0078446,tt0078446,"nm0004693,nm0001045","nm0001045,nm0001507"
tt0058006,tt0058006,nm0733790,"nm0510623,nm0733790,nm0811689"
tt2428170,tt2428170,nm2674307,"nm2674307,nm0243233"
tt4154796,tt4154796,"nm0751577,nm0751648","nm1321655,nm1321656,nm0498278,nm0456158,nm0800209,nm1921680,nm3053444,nm2757098,nm0317493,nm4160687,nm1293367,nm1411347"
tt1878870,tt1878870,nm2609807,nm2609807
tt5649144,tt5649144,nm0048918,"nm0048918,nm2022341"
tt5112578,tt5112578,nm2023590,"nm2049126,nm2431095"
tt5726616,tt5726616,nm0345174,"nm0412465,nm6056595"
tt2274648,tt2274648,nm0551076,"nm1184676,nm0586005"
tt7784604,tt7784604,nm4170048,nm4170048
tt6751668,tt6751668,nm0094435,"nm0094435,nm8243301"
tt6016744,tt6016744,nm3525467,"nm3525467,nm9237202,nm0054862,nm6682793,nm1590700,nm3319085,nm8685858"
tt2527336,tt2527336,nm0426059,"nm0426059,nm0000184"
tt2494362,tt2494362,nm0951975,nm0951975
tt4154756,tt4154756,"nm0751577,nm0751648","nm1321655,nm1321656,nm0498278,nm0456158,nm0800209,nm1921680,nm3053444,nm2757098,nm0317493,nm4160687,nm1293367,nm1411347"
tt4649466,tt4649466,nm0891216,"nm0963359,nm0891216,nm2092839,nm1733301"
tt1396484,tt1396484,nm0615592,"nm1286060,nm1560977,nm2477891,nm0000175"
tt5027774,tt5027774,nm1732981,nm1732981
tt5013056,tt5013056,nm0634240,nm0634240
tt5463162,tt5463162,nm0500610,"nm1014201,nm1116660,nm0005351,nm0509580,nm1436760"
tt5147214,tt5147214,"nm3125415,nm3464186",nm3464186
tt4225622,tt4225622,nm0629334,nm3929259
tt6293516,tt6293516,nm1179870,"nm0093252,nm1805350"
tt6116856,tt6116856,nm3464186,nm3464186
tt7349662,tt7349662,nm0000490,"nm4478735,nm5161275,nm0932551,nm0000490,nm9259302"
tt0053772,tt0053772,nm0000005,"nm0051923,nm0000005"
tt1598778,tt1598778,nm0001752,nm1994243
tt0106341,tt0106341,nm0208854,nm0208854
tt0120623,tt0120623,"nm0005124,nm0004056","nm0005124,nm0004056,nm0710020,nm0568490,nm0789624"
tt0399201,tt0399201,nm0000881,"nm1047021,nm0476064,nm0649460"
tt0993846,tt0993846,nm0000217,"nm1010540,nm0067789"
tt2368749,tt2368749,nm1633015,nm1633015
tt1667355,tt1667355,nm0394776,"nm0858399,nm0251536,nm2383312,nm0716973"
tt1605717,tt1605717,nm1049433,"nm0740160,nm1661186"
tt2763304,tt2763304,nm0000965,"nm0388076,nm0920543"
tt3890160,tt3890160,nm0942367,nm0942367
tt0120263,tt0120263,nm0027815,nm0027815
tt0118789,tt0118789,nm0001252,"nm0001252,nm0046750"
tt0113568,tt0113568,nm0651900,"nm0794385,nm0411872"
tt0243017,tt0243017,nm0000500,nm0000500
tt0063678,tt0063678,nm0001596,nm0001596
tt0068361,tt0068361,nm0000320,"nm0000320,nm0140643"
tt1736633,tt1736633,nm1258686,"nm0478934,nm1258686,nm1258777"
tt1235841,tt1235841,nm1391924,nm1391924
tt2103217,tt2103217,nm0451076,"nm0014960,nm0505183,nm0818874"
tt3315342,tt3315342,nm0003506,"nm0003506,nm0291082,nm0338169,nm0739661,nm0859471,nm0918083,nm1079460,nm2092839,nm4022192"
tt5247022,tt5247022,nm0000464,"nm0000464,nm0931937,nm3143010"
tt4714568,tt4714568,nm1244603,"nm1244603,nm6224331,nm2901230"
tt5052448,tt5052448,nm1443502,nm1443502
tt0091670,tt0091670,nm0001789,nm0001789
tt0330243,tt0330243,nm0467666,nm0467666
tt0112913,tt0112913,nm0939182,nm0939182
tt0478304,tt0478304,nm0000517,nm0000517
tt0071615,tt0071615,nm0423524,nm0423524
tt0118749,tt0118749,nm0000759,nm0000759
tt2301592,tt2301592,nm0423524,nm0423524
tt3203606,tt3203606,nm0005366,"nm0573695,nm6983391"
tt3783958,tt3783958,nm3227090,nm3227090
tt4285496,tt4285496,nm1458734,"nm1458734,nm7518645,nm7518644,nm2662166"
tt4908644,tt4908644,nm1017958,nm6568618
tt5710514,tt5710514,nm0086301,nm0086301
tt0065193,tt0065193,nm0416036,"nm0416036,nm0796666"
tt1564585,tt1564585,"nm0833779,nm0833780","nm1634030,nm2880943"
tt1379182,tt1379182,nm0487166,"nm3328207,nm0487166"
tt0397892,tt0397892,"nm0397174,nm0930261","nm1557594,nm0930261"
tt0241760,tt0241760,nm0214036,nm0447583
tt0253556,tt0253556,nm0101385,"nm0149305,nm0676270,nm0338557"
tt0059578,tt0059578,nm0001466,"nm0001466,nm0607694,nm0898812,nm0006872,nm0217258,nm0223964"
tt0050986,tt0050986,nm0000005,nm0000005
tt1854564,tt1854564,nm0294457,"nm0973233,nm2292894"
tt0837562,tt0837562,nm0850733,"nm0063165,nm0806912,nm0244110,nm1087952,nm1156984"
tt0137223,tt0137223,nm7441402,\N
tt3078242,tt3078242,nm3189793,"nm3189793,nm5827220"
tt2582846,tt2582846,nm1837748,"nm2354099,nm2352210,nm1981261"
tt0266697,tt0266697,nm0000233,"nm0000233,nm0000235"
tt1324999,tt1324999,nm0174374,"nm0742279,nm2769412"
tt0451079,tt0451079,"nm0371755,nm0553942","nm0666791,nm0202425,nm0317450"
tt0086190,tt0086190,nm0549658,"nm0001410,nm0000184"
tt0332379,tt0332379,nm0000500,nm0925234
tt0351283,tt0351283,"nm0201509,nm0569891","nm0123666,nm1129905,nm0201509,nm0569891"
tt0120363,tt0120363,"nm0005124,nm0105169,nm0881279","nm0005124,nm0230032,nm0105169,nm0004056,nm0398763,nm0150155,nm1274593"
tt0434409,tt0434409,nm0574625,"nm0905152,nm0905154,nm2331222"
tt0047396,tt0047396,nm0000033,"nm0371088,nm0941280"
tt0052357,tt0052357,nm0000033,"nm0178785,nm0853138,nm0092267,nm0092268,nm0027173"
tt0058461,tt0058461,nm0001466,"nm0093501,nm8800791,nm0146033,nm0001466,nm0173549,nm0000041,nm0223964,nm0452878,nm0856319,nm0884547"
tt0167261,tt0167261,nm0001392,"nm0866058,nm0909638,nm0101991,nm0801728,nm0001392"
tt0033467,tt0033467,nm0000080,"nm0542534,nm0000080,nm0002144,nm0219670,nm0448809"
tt0814255,tt0814255,nm0001060,"nm0864471,nm2292894"
tt1104001,tt1104001,nm2676052,"nm0457736,nm0395271,nm0460206,nm1600872,nm0513974,nm0531381"
tt0800003,tt0800003,nm1085552,"nm2021391,nm2009736"
tt0411477,tt0411477,nm0868219,"nm0868219,nm0586005"
tt0479952,tt0479952,"nm0201509,nm0569891","nm1000113,nm0201509,nm0569891,nm0123666,nm1129905"
tt0099365,tt0099365,nm0000600,"nm0000600,nm0679326,nm0706898,nm0325653,nm0325662"
tt0162222,tt0162222,nm0000709,nm0115310
tt0100157,tt0100157,nm0001661,"nm0000175,nm0001279"
tt0038650,tt0038650,nm0001008,"nm0329304,nm0352443,nm0001008,nm0842485,nm0827821,nm0933858"
tt0167260,tt0167260,nm0001392,"nm0866058,nm0909638,nm0101991,nm0001392"
tt1446714,tt1446714,nm0000631,"nm3123612,nm0511541,nm0639321,nm0795953"
tt1037222,tt1037222,nm0573732,"nm0032696,nm1363111,nm1028302"
tt0109830,tt0109830,nm0000709,"nm0343165,nm0744839"
tt0436339,tt0436339,nm0947087,"nm0926727,nm0926729,nm0947087,nm0416408"
tt1014759,tt1014759,nm0000318,"nm0941314,nm0140902"
tt0366548,tt0366548,"nm0004306,nm0171253,nm0606688","nm0004306,nm0171722,nm0606688,nm0171253"
tt0119707,tt0119707,nm0502954,"nm0095460,nm0440415,nm0923312,nm0864880,nm0295165,nm0007233"
tt0113855,tt0113855,nm0027271,"nm0095460,nm0864880,nm0238256"
tt0138704,tt0138704,nm0004716,"nm0004716,nm0347797,nm0914615"
tt0112573,tt0112573,nm0000154,nm0908824
tt0110413,tt0110413,nm0000108,nm0000108
tt2209764,tt2209764,nm0002892,nm1438698
tt2172935,tt2172935,nm0030735,"nm0030735,nm0381723,nm0005515,nm0004987,nm0874235"
tt0780536,tt0780536,nm1732981,nm1732981
tt0099685,tt0099685,nm0000217,"nm0683380,nm0000217"
tt0117951,tt0117951,nm0000965,"nm0920543,nm0388076"
tt0327554,tt0327554,nm0685759,"nm0004170,nm0714246,nm0104335,nm0274905,nm0736966"
tt0097576,tt0097576,nm0000229,"nm0090151,nm0000184,nm0583675,nm0442241"
tt1389137,tt1389137,nm0001081,"nm0112459,nm0001081,nm3349167"
tt1675434,tt1675434,"nm0619923,nm0865918","nm0619923,nm4778840,nm0865918"
tt1277953,tt1277953,"nm0201509,nm0569891,nm0970447","nm0201509,nm0000876,nm0123666,nm1129905,nm2593444"
tt1836944,tt1836944,nm2030556,"nm2030556,nm2032510"
tt1065073,tt1065073,nm0000500,nm0000500
tt2361423,tt2361423,nm0299173,"nm0914941,nm2584046"
tt1840309,tt1840309,nm1139726,"nm2489193,nm0961827,nm4316121"
tt2872718,tt2872718,nm0319659,nm0319659
tt1634122,tt1634122,nm0662529,"nm0566100,nm0204030,nm0701031,nm0905498"
tt0790736,tt0790736,nm0777881,"nm0006534,nm0542062,nm0229694,nm0006997,nm9592688"
tt1606378,tt1606378,nm0601382,"nm0940790,nm0861636"
tt0844471,tt0844471,"nm0520488,nm0588087","nm0520488,nm0588087,nm2360213,nm2360861,nm0338576"
tt1078912,tt1078912,nm0506613,"nm0304830,nm0502073"
tt0084503,tt0084503,nm0000570,nm0914166
tt0307453,tt0307453,"nm0074426,nm0421776,nm1224299","nm5022110,nm1224299,nm0042006,nm0073688,nm0084190,nm0692040,nm0769840,nm0931185,nm1019583,nm1659741"
tt0021749,tt0021749,nm0000122,"nm0000122,nm0139714,nm0188357"
tt0413267,tt0413267,"nm1844237,nm0401203","nm0696949,nm0780620,nm1844237,nm0912403,nm0011470,nm0825308,nm0254645,nm0744429,nm0776107,nm0830294"
tt0088763,tt0088763,nm0000709,"nm0000709,nm0301826"
tt1869716,tt1869716,nm2610231,"nm2610231,nm1779870"
tt1911644,tt1911644,nm0026442,"nm0006902,nm5460828,nm0092578"
tt1486185,tt1486185,nm0362566,nm0424901
tt0983193,tt0983193,nm0000229,"nm0378960,nm0595590,nm0942367,nm0180428"
tt0892782,tt0892782,"nm1224299,nm0970447","nm0285379,nm0938645,nm1224299,nm0008743,nm0074184,nm0970447"
tt0430922,tt0430922,nm0906476,"nm0000251,nm0380819,nm0748620,nm0906476,nm0547800"
tt1068680,tt1068680,nm0715636,"nm0831557,nm0666871,nm2361949,nm0991245"
tt0358082,tt0358082,"nm0917188,nm0757858","nm1865755,nm0304665,nm0541632,nm0593856,nm0572151"
tt0120746,tt0120746,nm0132709,"nm0191547,nm0254645,nm0744429,nm0415745,nm0260675"
tt0811080,tt0811080,"nm0905154,nm0905152","nm0905152,nm0905154,nm1033745"
tt0293662,tt0293662,"nm0504642,nm0477035","nm0000108,nm0436543"
tt0865556,tt0865556,nm0591450,nm0299301
tt0095647,tt0095647,nm0000570,nm0314665
tt0268380,tt0268380,"nm0917188,nm0757858","nm5022110,nm0073850,nm0010004,nm0107760,nm0174024,nm0797053,nm0862211,nm1154886,nm1157545"
tt0975645,tt0975645,nm0315065,"nm0572352,nm1067289"
tt1192628,tt1192628,nm0893659,"nm0517589,nm0893659,nm0126096"
tt1231583,tt1231583,nm0680846,"nm0169180,nm0293139,nm1186373,nm0680846"
tt0433035,tt0433035,nm0506613,"nm0309691,nm0319659,nm0505230,nm0558577"
tt1001526,tt1001526,nm0569891,"nm0774786,nm2523794"
tt0106856,tt0106856,nm0001708,nm0808076
tt0963966,tt0963966,nm0005509,"nm0465199,nm0742797,nm2188941,nm1215164,nm0076166"
tt0960144,tt0960144,nm0240797,"nm0001191,nm0806912,nm0031976"
tt0257106,tt0257106,nm0005540,"nm0915465,nm0005541,nm0424688,nm0064556,nm0294997,nm0783536,nm1010379,nm0333240,nm0689844,nm0811360,nm0915460"
tt0449010,tt0449010,nm0266777,"nm0118224,nm1845777"
tt0032553,tt0032553,nm0000122,nm0000122
tt1234721,tt1234721,nm0655683,"nm2440587,nm0627159,nm0591160"
tt1929263,tt1929263,nm0908824,"nm0908824,nm0662134,nm4455796,nm3004527"
tt0120667,tt0120667,nm1103162,"nm0004111,nm0289833,nm0498278,nm0456158"
tt0389860,tt0389860,nm0178997,"nm0466175,nm0641479"
tt1023111,tt1023111,nm0905592,nm0369675
tt0175142,tt0175142,nm0005540,"nm0915465,nm0005541,nm0424688,nm0064556,nm0294997,nm0783536"
tt0442933,tt0442933,nm0000709,"nm0000812,nm1511619,nm0301274"
tt0477347,tt0477347,nm0506613,"nm0304830,nm0502073,nm2025683"
tt0259324,tt0259324,nm0425756,nm0425756
tt0298148,tt0298148,"nm0011470,nm0038432,nm0970447","nm0825308,nm0011470,nm0830294,nm0826425,nm0918955,nm0970606,nm0230666,nm1844237,nm1019583,nm0970447,nm0254645,nm0744429,nm0776107"
tt0120912,tt0120912,nm0001756,"nm0192384,nm0330565,nm0266673"
tt1071875,tt1071875,"nm0004410,nm0962729","nm0991355,nm2397756,nm0275286"
tt1482459,tt1482459,"nm0719208,nm0049633","nm0317450,nm0666791,nm0202425"
tt3063516,tt3063516,nm0871860,"nm0424216,nm0005069,nm0871860,nm0046943,nm0806416"
tt2024469,tt2024469,nm1429471,"nm1622147,nm1496753,nm0257513"
tt1453405,tt1453405,nm0768959,"nm0768959,nm0314870,nm0047916"
tt1428538,tt1428538,nm2482088,"nm2482088,nm0342278,nm0342303"
tt1302011,tt1302011,nm0950775,"nm0008743,nm0074184,nm0717550,nm0903456"
tt1375670,tt1375670,nm0240797,"nm0001191,nm0937748"
tt0914863,tt0914863,nm0429964,nm0940974
tt0074285,tt0074285,nm0000361,"nm0000175,nm0169548"
tt0093870,tt0093870,nm0000682,"nm0627159,nm0591160"
tt0120657,tt0120657,"nm0001532,nm0000341","nm0000341,nm0936537,nm0507863"
tt0242653,tt0242653,"nm0905154,nm0905152","nm0905152,nm0905154"
tt1764651,tt1764651,nm0922346,"nm0921013,nm0000230,nm0442190,nm0013234,nm1709264"
tt2404463,tt2404463,nm0082450,nm1767754
tt1821694,tt1821694,nm0661751,"nm0388377,nm0388375,nm1979137,nm1216642"
tt0401729,tt0401729,nm0004056,"nm0004056,nm0028764,nm0149290,nm0123194"
tt1436562,tt1436562,nm0757858,"nm0757858,nm0427993,nm5333675,nm0722610,nm0827985,nm0893262,nm0363958"
tt1133985,tt1133985,nm0132709,"nm0075528,nm0338169,nm0973233,nm0325533"
tt1409024,tt1409024,nm0001756,"nm1000113,nm0192384"
tt1155076,tt1155076,nm0958969,"nm0614050,nm0436543"
tt1037705,tt1037705,"nm0400436,nm0400441",nm1729428
tt1190080,tt1190080,nm0000386,"nm0000386,nm0460057"
tt0405325,tt0405325,nm0593610,"nm1467549,nm0774792,nm0566407"
tt0435761,tt0435761,nm0881279,"nm0005124,nm0004056,nm0881279,nm1578335"
tt0892769,tt0892769,"nm0761498,nm0213450","nm0204030,nm0213450,nm0761498,nm2441763,nm0405190,nm1104057"
tt0448157,tt0448157,nm0000916,"nm1378206,nm0319213"
tt0385002,tt0385002,nm0591994,"nm0591994,nm1471990,nm0791285"
tt0099088,tt0099088,nm0000709,"nm0000709,nm0301826"
tt1318514,tt1318514,nm1012501,"nm0415425,nm0798646,nm0099541"
tt1542344,tt1542344,nm0000965,"nm0000965,nm0064479,nm1737008"
tt1136608,tt1136608,nm0088955,"nm0088955,nm2833612"
tt0356150,tt0356150,"nm0769840,nm0073688,nm0541635","nm0073688,nm0541635,nm0769840"
tt0389790,tt0389790,"nm0971239,nm9054338","nm0000632,nm0272324,nm0546267,nm0732165,nm0552092,nm1166844"
tt0258463,tt0258463,nm0510731,"nm0006904,nm0380819,nm0524924"
tt0212720,tt0212720,nm0000229,"nm0000735,nm0914668,nm0000229"
tt0234215,tt0234215,"nm0905154,nm0905152","nm0905152,nm0905154"
tt0316654,tt0316654,nm0000600,"nm0498278,nm0228492,nm0332184,nm0587692,nm0149290,nm0765091"
tt0370263,tt0370263,nm0027271,"nm0639321,nm0795953,nm0859029,nm0859049,nm0027271"
tt0298203,tt0298203,nm0000436,nm0798788
tt2369135,tt2369135,nm0915304,"nm1038345,nm0309691"
tt0481499,tt0481499,"nm0210320,nm0761498","nm0761498,nm0210320,nm0000092"
tt1245526,tt1245526,nm0777881,"nm0388377,nm0388375,nm1979137,nm1216642"
tt1049413,tt1049413,"nm0230032,nm0677037","nm0230032,nm0677037,nm0565336"
tt0467406,tt0467406,nm0718646,nm1959505
tt0057115,tt0057115,nm0836328,"nm0108595,nm0165412,nm0122446"
tt0454921,tt0454921,nm0610831,nm0175726
tt0114709,tt0114709,nm0005124,"nm0005124,nm0230032,nm0004056,nm0710020,nm0923736,nm0169505,nm0812513"
tt0126029,tt0126029,"nm0011470,nm0421776","nm0825308,nm0254645,nm0744429,nm0830294,nm0776107,nm0970606,nm1844237,nm0970447"
tt0181875,tt0181875,nm0001081,nm0001081
tt0119654,tt0119654,nm0001756,"nm0192384,nm0004412"
tt0319262,tt0319262,nm0000386,"nm0000386,nm0618680"
tt0094226,tt0094226,nm0000361,"nm0000519,nm0289708,nm0626479,nm0588079"
tt0405159,tt0405159,nm0000142,"nm0353673,nm0101801"
tt1596343,tt1596343,nm0510912,"nm0604555,nm0860155"
tt1205489,tt1205489,nm0000142,"nm1010405,nm3164738"
tt0080120,tt0080120,nm0001353,"nm0951050,nm0787072,nm0001353"
tt0910936,tt0910936,nm0337773,"nm0736622,nm1698571,nm0031976"
tt0398165,tt0398165,nm0781842,"nm0748665,nm0944003,nm1417242"
tt0942385,tt0942385,nm0001774,"nm0857620,nm0001774,nm1000113"
tt0338526,tt0338526,nm0814085,nm0814085
tt0322259,tt0322259,nm0005436,"nm0860155,nm0104973,nm0351929"
tt0413300,tt0413300,nm0000600,"nm0000600,nm0706898,nm0765091,nm0498278,nm0228492"
tt0096874,tt0096874,nm0000709,"nm0000709,nm0301826"
tt0454876,tt0454876,nm0000487,"nm1674631,nm1341735"
tt1267297,tt1267297,nm0711840,"nm2952284,nm0818746,nm5610426"
tt1637688,tt1637688,nm0629272,nm0629272
tt1216475,tt1216475,"nm0005124,nm0506977","nm0005124,nm0506977,nm1557594,nm0703078"
tt1013752,tt1013752,nm0510912,"nm0604555,nm0860155"
tt0232500,tt0232500,nm0003418,"nm0508446,nm0860155,nm0074980,nm0043742"
tt0463985,tt0463985,nm0510912,nm0604555
tt0936501,tt0936501,nm0603628,"nm0000108,nm0436543"
tt0948470,tt0948470,nm1989536,"nm0888743,nm0765091,nm0460141,nm0498278,nm0228492"
tt0317219,tt0317219,"nm0710020,nm0005124","nm0005124,nm0710020,nm0460146,nm1557594,nm1195697,nm1198436"
tt0112641,tt0112641,nm0000217,"nm0683380,nm0000217"
tt0064116,tt0064116,nm0001466,"nm0006872,nm0001466,nm0000783,nm0000934"
tt0383574,tt0383574,nm0893659,"nm0254645,nm0744429,nm0064181,nm0938684"
tt1583421,tt1583421,nm0160840,"nm1014201,nm1116660"
tt2547210,tt2547210,nm1156199,"nm1995388,nm1156199,nm0230058,nm0787864"
tt1408101,tt1408101,nm0009190,"nm0649460,nm0476064,nm0511541,nm0734472"
tt1454468,tt1454468,nm0190859,"nm0190859,nm0190861"
tt0796366,tt0796366,nm0009190,"nm0649460,nm0476064,nm0734472"
tt0822854,tt0822854,nm0298807,"nm2394211,nm0501380"
tt0092099,tt0092099,nm0001716,"nm0143596,nm0258390,nm1274594,nm0803730"
tt0382625,tt0382625,nm0000165,"nm0326040,nm1467010"
tt0073195,tt0073195,nm0000229,"nm0001940,nm0331956"
tt0253474,tt0253474,nm0000591,"nm0367838,nm0844262"
tt0181852,tt0181852,nm0609236,"nm0104335,nm0274905,nm0093328"
tt0088247,tt0088247,nm0000116,"nm0000116,nm0005036,nm0936537"
tt0093773,tt0093773,nm0001532,"nm0859029,nm0859049"
tt1091191,tt1091191,nm0000916,"nm0000916,nm2877226,nm0732961"
tt0266543,tt0266543,"nm0004056,nm0881279","nm0004056,nm0677037,nm0721675"
tt1228705,tt1228705,nm0269463,"nm0857620,nm0498278,nm1411347,nm1293367,nm0456158"
tt0091042,tt0091042,nm0000455,nm0000455
tt0371746,tt0371746,nm0269463,"nm1318843,nm1319757,nm1436466,nm0391344,nm0498278,nm1411347,nm1293367,nm0456158"
tt0375679,tt0375679,nm0353673,"nm0353673,nm0604263"
tt0265086,tt0265086,nm0000631,"nm0100736,nm0634307"
tt0317248,tt0317248,"nm0576987,nm0526199","nm0513130,nm1130251"
tt0067992,tt0067992,nm0835799,"nm0001094,nm0783544"
tt0367594,tt0367594,nm0000318,"nm0001094,nm0041864"
tt0087469,tt0087469,nm0000229,"nm0404754,nm0441718,nm0000184"
tt1663662,tt1663662,nm0868219,"nm2012438,nm0868219"
tt1300854,tt1300854,nm0000948,"nm1510800,nm0000948,nm0498278,nm1411347,nm1293367,nm0456158,nm1979137,nm2137463"
tt2310332,tt2310332,nm0001392,"nm0909638,nm0101991,nm0001392,nm0868219,nm0866058"
tt1170358,tt1170358,nm0001392,"nm0909638,nm0101991,nm0001392,nm0868219,nm0866058"
tt1074638,tt1074638,nm0005222,"nm0701031,nm0905498,nm0517589,nm0001220"
tt0978764,tt0978764,nm0811583,"nm0811583,nm0793122"
tt0118528,tt0118528,nm0001243,nm0741627
tt0938283,tt0938283,nm0796117,nm0796117
tt0416449,tt0416449,nm0811583,"nm0811583,nm0426500,nm1290582,nm0588340,nm2241067"
tt0118799,tt0118799,nm0000905,"nm0148437,nm0000905"
tt0145487,tt0145487,nm0000600,"nm0498278,nm0228492,nm0462895"
tt0363771,tt0363771,nm0011470,"nm0668754,nm0011470,nm1321655,nm1321656,nm0507000"
tt0050083,tt0050083,nm0001486,nm0741627
tt0107290,tt0107290,nm0000229,"nm0000341,nm0462895"
tt1371111,tt1371111,"nm0878756,nm0905154,nm0905152","nm3290967,nm0905154,nm0878756,nm0905152,nm4339295"
tt1735898,tt1735898,nm2782185,"nm2489193,nm0359387,nm0024925"
tt1948218,tt1948218,nm1939445,nm1939445
tt0903624,tt0903624,nm0001392,"nm0909638,nm0101991,nm0001392,nm0868219,nm0866058"
tt0848228,tt0848228,nm0923736,"nm0923736,nm0672015"
tt1130884,tt1130884,nm0000217,"nm0436164,nm1212331"
tt0217505,tt0217505,nm0000217,"nm0168379,nm0001873,nm0518836"
tt0120915,tt0120915,nm0000184,nm0000184
tt0144084,tt0144084,nm0366004,"nm0254735,nm0366004,nm0877587"
tt0264464,tt0264464,nm0000229,"nm0622288,nm0007646,nm1127221"
tt0120689,tt0120689,nm0001104,"nm0000175,nm0001104"
tt0172495,tt0172495,nm0000631,"nm0291905,nm0517589,nm0629933"
tt2278388,tt2278388,nm0027572,"nm0959003,nm0027572,nm2450453"
tt2980516,tt2980516,nm1016428,"nm0565026,nm6186324"
tt0780504,tt0780504,nm0716347,"nm0024925,nm2201245"
tt0325980,tt0325980,nm0893659,"nm0254645,nm0744429,nm0064181,nm0938684"
tt1099212,tt1099212,nm0362566,"nm0742279,nm2769412"
tt0829482,tt0829482,nm0609549,"nm0736622,nm1698571"
tt0482571,tt0482571,nm0634240,"nm0634300,nm0634240,nm1793993"
tt0114369,tt0114369,nm0000399,nm0001825
tt0119217,tt0119217,nm0001814,"nm0000354,nm0000255"
tt0086250,tt0086250,nm0000361,"nm0000231,nm0001328,nm0372942,nm0870660"
tt0082971,tt0082971,nm0000229,"nm0001410,nm0000184,nm0442241"
tt1670345,tt1670345,nm0504642,"nm0004412,nm0945026,nm3242689"
tt2562232,tt2562232,nm0327944,"nm0327944,nm1481172,nm5409486,nm3174584,nm0142577"
tt2084970,tt2084970,nm0878763,"nm2441699,nm0388132"
tt1509767,tt1509767,nm0027271,"nm0514821,nm0203577,nm0241416"
tt1220634,tt1220634,nm0027271,nm0027271
tt0499549,tt0499549,nm0000116,nm0000116
tt0432021,tt0432021,nm0611683,nm0027271
tt0458339,tt0458339,nm0002653,"nm1321655,nm1321656,nm0800209,nm0456158"
tt0318627,tt0318627,nm0936838,nm0027271
tt0111161,tt0111161,nm0001104,"nm0000175,nm0001104"
tt0118715,tt0118715,"nm0001054,nm0001053","nm0001053,nm0001054"
tt1430626,tt1430626,"nm0520485,nm0627920",nm2704527
tt1855325,tt1855325,nm0027271,nm0027271
tt2015381,tt2015381,nm0348181,"nm0348181,nm2270979,nm3966115,nm5037683,nm2757098,nm0317493,nm4160687,nm1921680,nm3053444,nm0314153,nm0562554"
tt2267998,tt2267998,nm0000399,nm5058839
tt1622547,tt1622547,nm0281508,"nm2225652,nm3574030"
tt1219342,tt1219342,nm0811583,"nm0650089,nm2145339,nm0489691"
tt0970452,tt0970452,nm1068186,"nm1068186,nm0397574"
tt0345950,tt0345950,"nm0384864,nm0651706","nm0238757,nm0384722,nm0384864,nm0651692,nm0819711,nm1196684"
tt0443536,tt0443536,"nm0249897,nm0498555,nm0250410","nm0250410,nm0249897,nm0498555,nm0456732,nm0640976,nm1938852"
tt0116409,tt0116409,nm0394280,nm0001279
tt0208003,tt0208003,nm0331532,"nm0702912,nm0722610"
tt0423294,tt0423294,"nm0105169,nm0118333","nm0722610,nm0105169,nm0118333,nm1074134,nm0996099,nm2558161"
tt1080016,tt1080016,"nm0862211,nm0757858","nm0073850,nm0010004,nm0718514,nm3229505,nm3508936,nm0310087,nm0841532,nm5022110"
tt0400717,tt0400717,"nm0021249,nm0191717,nm0820934","nm0070368,nm1943855,nm0560894,nm0191717,nm0820934,nm1558946,nm0137811,nm0363958,nm3021990,nm3021923"
tt0049470,tt0049470,nm0000033,"nm0371088,nm0071657,nm0943922,nm0534191"
tt0438097,tt0438097,nm0757858,"nm0310087,nm0841532,nm2186362,nm5022110"
tt0462538,tt0462538,nm0798899,"nm0000985,nm0004981,nm0419830,nm0561631,nm0583127,nm0592400,nm0718514,nm0780288,nm0783468,nm0841990,nm0900140,nm1121389,nm0295791,nm0519209,nm0697052,nm0800376"
tt1231580,tt1231580,nm0858525,"nm0900140,nm0008743,nm0074184,nm0046564"
tt0426592,tt0426592,nm0563301,nm0563301
tt0068699,tt0068699,nm0000142,"nm0862781,nm0718466"
tt0079116,tt0079116,nm0796923,"nm0115431,nm0876227"
tt0477051,tt0477051,nm0005367,"nm0000552,nm0614151,nm0771065,nm0740115"
tt0366627,tt0366627,nm0562266,"nm1789514,nm0733692,nm1127653"
tt0817538,tt0817538,nm0109359,"nm0003249,nm0736622,nm0000455"
tt0952640,tt0952640,nm0384722,"nm0900140,nm0574509,nm0899531,nm0046564"
tt0362120,tt0362120,nm0001878,"nm0563301,nm0000720,nm0698493,nm0915465,nm0005541,nm0424688,nm0064556,nm0294997,nm0783536"
tt0027977,tt0027977,nm0000122,nm0000122
tt0486576,tt0486576,nm1103162,"nm0668309,nm0004111,nm0877273,nm0498278,nm0456158"
tt0067185,tt0067185,nm0000797,nm0383359
tt0472181,tt0472181,nm0331532,"nm0826425,nm0918955,nm0771065,nm0740115,nm0678963"
tt0990407,tt0990407,nm0327273,"nm0736622,nm1698571,nm0872077,nm0679326"
tt1226229,tt1226229,nm0831557,"nm0831557,nm0781981"
tt1129442,tt1129442,nm0576298,"nm0000108,nm0436543"
tt0892791,tt0892791,nm0593610,"nm0458441,nm0501359,nm0825308,nm0011470,nm0254645,nm0744429,nm0776107,nm0794252,nm0830294,nm2593444"
tt0118615,tt0118615,nm0515891,"nm0061829,nm0143596,nm0258390"
tt0061747,tt0061747,nm0692872,"nm0293480,nm0325267"
tt0306047,tt0306047,nm0001878,"nm0563301,nm0698493,nm0915465,nm0005541,nm0424688,nm0064556,nm0294997,nm0783536"
tt0762107,tt0762107,nm0240797,"nm0266673,nm0668247,nm0852591,nm0303056"
tt0365830,tt0365830,nm0528381,"nm0085312,nm0309307,nm0528381"
tt1869416,tt1869416,nm1302165,"nm4677225,nm0077094,nm0142453,nm1543823"
tt1615918,tt1615918,nm0593610,"nm0008743,nm0074184,nm0046564,nm0439739"
tt1646926,tt1646926,nm0970606,"nm0137811,nm1558946,nm0827670"
tt0090927,tt0090927,nm0324875,"nm0116145,nm0324875"
tt0891592,tt0891592,nm0005647,"nm1098479,nm1457532,nm1458859,nm1540577,nm1448771,nm0241416"
tt1174954,tt1174954,nm0436780,"nm1591046,nm0586353,nm1299423,nm1214880,nm2475348,nm0556856,nm1398329,nm2041812,nm1306714,nm1400430,nm8788080"
tt0104695,tt0104695,nm0669004,nm0148489
tt0110357,tt0110357,"nm0021249,nm0591450","nm0575293,nm0731271,nm0941314,nm0560329,nm0424556,nm0177170,nm0258059,nm0309128,nm0873779,nm0135296,nm0363125,nm0460146,nm0761498,nm0004552,nm0500858,nm0710020,nm0538588,nm0326814,nm0322368,nm0442483,nm0020599,nm0780117,nm0854185,nm0873092,nm0879318,nm0901038,nm0936374,nm0925276,nm0152312"
tt0096283,tt0096283,nm0594503,nm0594503
tt0131502,tt0131502,nm0584297,"nm0584297,nm0000221,nm0822597,nm0345593,nm0557737"
tt0408306,tt0408306,nm0000229,"nm1065785,nm0744839,nm0427305"
tt1458915,tt1458915,nm2149571,nm2149571
tt1884369,tt1884369,nm3462228,"nm3462228,nm3857221"
tt3659388,tt3659388,nm0000631,"nm1206844,nm1083982"
tt0076740,tt0076740,nm0001243,"nm0338396,nm1064118"
tt1399103,tt1399103,nm0000881,nm0472567
tt0910970,tt0910970,nm0004056,"nm0004056,nm0230032,nm0714114"
tt1055369,tt1055369,nm0000881,"nm0472567,nm0649460,nm0476064"
tt0462499,tt0462499,nm0000230,"nm0599393,nm0000230,nm0606251"
tt1236486,tt1236486,"nm1535916,nm2161504,nm2896727","nm1084210,nm3023160"
tt0469641,tt0469641,nm0000231,"nm0075696,nm2225418,nm2228493,nm2223804,nm2226834"
tt0101700,tt0101700,"nm0001988,nm0000466","nm0000466,nm0001988,nm0012496"
tt1692486,tt1692486,nm0000591,"nm0722078,nm0441301,nm0000591"
tt1716772,tt1716772,nm1414582,"nm0606597,nm1720648"
tt2109248,tt2109248,nm0000881,nm0472567
tt2381249,tt2381249,nm0003160,"nm0312367,nm0003160,nm1510800"
tt0338013,tt0338013,nm0327273,"nm0442109,nm0327273,nm1410028"
tt1320253,tt1320253,nm0000230,"nm1709264,nm0000230"
tt1375666,tt1375666,nm0634240,nm0634240
tt1156398,tt1156398,nm0281508,"nm1014201,nm1116660"
tt0493464,tt0493464,nm0067457,"nm0104973,nm0351929,nm0604555,nm2092839,nm1631852"
tt0884328,tt0884328,nm0001104,"nm0001104,nm0000175"
tt0347149,tt0347149,nm0594503,"nm0594503,nm1168510"
tt0110632,tt0110632,nm0000231,"nm0000233,nm0892705,nm0752116,nm0000231"
tt0119698,tt0119698,nm0594503,"nm0594503,nm0301274"
tt2395427,tt2395427,nm0923736,"nm0923736,nm0498278,nm0456158,nm0800209,nm4160687"
tt1490017,tt1490017,"nm0520488,nm0588087","nm0520488,nm0588087,nm1087952,nm1156984,nm9204083,nm9204084,nm9204085"
tt3397884,tt3397884,nm0898288,nm0792263
tt3076658,tt3076658,nm3363032,"nm3363032,nm2128400,nm0000230"
tt0105695,tt0105695,nm0000142,nm0672459
tt0381061,tt0381061,nm0132709,"nm0701031,nm0905498,nm0353673,nm0001220"
tt1010048,tt1010048,"nm0000965,nm0849164","nm0064479,nm3139511"
tt0111301,tt0111301,nm0211823,nm0211823
tt0063350,tt0063350,nm0001681,"nm0751652,nm0001681"
tt0091763,tt0091763,nm0000231,nm0000231
tt0079470,tt0079470,nm0001402,"nm0001037,nm0000092,nm0000416,nm0001385,nm0001402,nm0001589"
tt0092005,tt0092005,nm0001661,"nm0000175,nm0317279,nm0262595"
tt0010323,tt0010323,nm0927468,"nm0562346,nm0417917"
tt1291150,tt1291150,nm0509448,"nm0032227,nm0625858,nm2489193,nm0481990,nm0247653"
tt2234155,tt2234155,nm0506613,"nm0000681,nm2972864"
tt2080374,tt2080374,nm0000965,"nm0815070,nm0410596"
tt1646987,tt1646987,nm0509448,"nm2669197,nm0424901,nm0075528,nm0189117"
tt1345836,tt1345836,nm0634240,"nm0634300,nm0634240,nm0275286,nm0004170"
tt0018773,tt0018773,nm0000122,nm0000122
tt0800320,tt0800320,nm0504642,"nm2012438,nm0006534,nm0542062,nm0189117"
tt0887912,tt0887912,nm0000941,nm1676793
tt0085407,tt0085407,nm0000343,"nm0000175,nm0090151"
tt0765443,tt0765443,nm0000343,nm1140275
tt0463998,tt0463998,nm0481418,"nm0481418,nm2090206,nm1952250"
tt0453451,tt0453451,nm0070436,"nm0000100,nm0193485,nm0564402,nm0566100,nm0003741"
tt0468569,tt0468569,nm0634240,"nm0634300,nm0634240,nm0275286,nm0004170"
tt0114746,tt0114746,nm0000416,"nm0003408,nm0672459,nm0672466"
tt2436386,tt2436386,nm2410311,"nm3091255,nm2065670"
tt2911666,tt2911666,"nm0821432,nm0500610",nm4401003
tt1232829,tt1232829,"nm0520488,nm0588087","nm0045209,nm1706767,nm0367895,nm0004798"
tt1232829,tt1232829,"nm0520488,nm0588087","nm0045209,nm1706767,nm0367895,nm0004798"
tt1276104,tt1276104,nm0426059,nm0426059
tt1231587,tt1231587,nm0684336,"nm0372222,nm1890845,nm1898234"
tt1121931,tt1121931,"nm0004410,nm0962729","nm0004410,nm0962729"
tt0080360,tt0080360,nm0001692,nm0154665
tt0479884,tt0479884,"nm0004410,nm0962729","nm0004410,nm0962729"
tt0435705,tt0435705,nm0848414,"nm0325778,nm0378144,nm0076602,nm0001140"
tt1637725,tt1637725,nm0532235,"nm0532235,nm1273148,nm1273397"
tt2294449,tt2294449,"nm0520488,nm0588087","nm0045209,nm3349927,nm0745247,nm1706767,nm0367895,nm0004798"
tt2788710,tt2788710,"nm1698571,nm0736622","nm1003839,nm0736622,nm1698571"
tt2637294,tt2637294,nm0684336,"nm0372222,nm5236778"
tt1727776,tt1727776,nm0484907,"nm0933144,nm0595088,nm0484907,nm0931185"
tt1555149,tt1555149,nm0655683,"nm1130251,nm0655683,nm1284081"
tt0081633,tt0081633,nm0000416,"nm0001589,nm0000416"
tt1053424,tt1053424,nm0764601,"nm1201715,nm1068424"
tt0800369,tt0800369,nm0000110,"nm1005420,nm0826714,nm0668309,nm0833089,nm0698873,nm0498278,nm1293367,nm0456158"
tt0091064,tt0091064,nm0000343,"nm0486228,nm0688279,nm0000343"
tt0861739,tt0861739,nm0655683,"nm2845583,nm1130251,nm0655683,nm1284081,nm1284450"
tt0266308,tt0266308,nm0297935,"nm0847295,nm0297934"
tt0084787,tt0084787,nm0000118,"nm0484111,nm0132168"
tt0015864,tt0015864,nm0000122,nm0000122
tt0060827,tt0060827,nm0000005,nm0000005
tt1981115,tt1981115,nm0851930,"nm1236653,nm1321655,nm1321656,nm0668309,nm0734441,nm0498278,nm1293367,nm0456158,nm1277476"
tt2884206,tt2884206,nm2648685,nm2648685
tt3832914,tt3832914,nm1731937,"nm1731937,nm1726854"
tt1650554,tt1650554,nm0905592,"nm0905592,nm2092839,nm1348210"
tt1337057,tt1337057,nm0093051,nm0093051
tt0398286,tt0398286,"nm1977355,nm0397174","nm1557594,nm0342278,nm0342303"
tt0120382,tt0120382,nm0001837,nm0629272
tt1250777,tt1250777,nm0891216,"nm0963359,nm0891216,nm2092839,nm1348210"
tt0090190,tt0090190,"nm0381230,nm0442207","nm0442207,nm0728766,nm0855988,nm0835376"
tt0103905,tt0103905,"nm0069715,nm0095298,nm0688143","nm0069715,nm0095298,nm0688143,nm0851759"
tt1028528,tt1028528,nm0000233,nm0000233
tt0102926,tt0102926,nm0001129,"nm0365383,nm0848217"
tt0077651,tt0077651,nm0000118,"nm0000118,nm0384185"
tt1772341,tt1772341,nm0601781,"nm0601781,nm1601882,nm0714114,nm1601644"
tt1431045,tt1431045,nm1783265,"nm1014201,nm1116660"
tt1285016,tt1285016,nm0000399,"nm0815070,nm0583826"
tt0489099,tt0489099,nm0510731,"nm0275286,nm0880243,nm1334526,nm2092479"
tt0443706,tt0443706,nm0000399,"nm0888743,nm1172196"
tt0295178,tt0295178,nm0005366,"nm0000196,nm0567112"
tt0145660,tt0145660,nm0005366,"nm0000196,nm0567112"
tt0118655,tt0118655,nm0005366,nm0000196
tt0167404,tt0167404,nm0796117,nm0796117
tt0246578,tt0246578,nm0446819,nm0446819
tt1690953,tt1690953,"nm0719208,nm1853544","nm0666791,nm0202425"
tt1877832,tt1877832,nm0001741,"nm1334526,nm0963359,nm0891216,nm0456158,nm0498278"
tt1392214,tt1392214,nm0898288,nm3360706
tt2293640,tt2293640,"nm0049633,nm1853544",nm0528244
tt1817771,tt1817771,nm0681852,nm3349927
tt0089907,tt0089907,nm0639321,"nm0723248,nm0751652,nm0834183,nm0639321"
tt0469494,tt0469494,nm0000759,"nm0000759,nm0801737"
tt0251736,tt0251736,nm0957772,nm0957772
tt0363547,tt0363547,nm0811583,"nm0001681,nm0348181"
tt0118884,tt0118884,nm0000709,"nm0366337,nm0325533,nm0755981,nm0238668"
tt0056869,tt0056869,nm0000033,"nm0238898,nm0402805"
tt0087800,tt0087800,nm0000127,nm0000127
tt0240772,tt0240772,nm0001752,"nm0425138,nm0751207,nm0113689,nm0496468,nm0341372"
tt0056172,tt0056172,nm0000180,"nm0004122,nm0933858"
tt1645170,tt1645170,nm0153078,"nm0056187,nm0073688,nm0541635,nm0769840"
tt1245492,tt1245492,"nm1698571,nm0736622","nm0736622,nm1698571,nm1083540"
tt1179933,tt1179933,nm0870469,"nm1061091,nm1173295,nm3227090"
tt0945513,tt0945513,nm1512910,nm1618286
tt0446029,tt0446029,nm0942367,"nm0045209,nm0942367,nm1854069"
tt0097659,tt0097659,"nm0228262,nm0175730","nm0228262,nm0000241,nm0115486"
tt0081455,tt0081455,nm0000343,nm0000343
tt0091203,tt0091203,nm0611683,"nm0927074,nm0069282,nm0272511"
tt0425112,tt0425112,nm0942367,"nm0942367,nm0670408"
tt0070909,tt0070909,nm0000341,nm0000341
tt0337978,tt0337978,nm0936482,"nm1985343,nm0861636,nm0093560,nm0545861"
tt0083944,tt0083944,nm0467646,"nm0606251,nm0468997,nm0755266,nm0000230"
tt0095016,tt0095016,nm0001532,"nm0861636,nm0835732,nm0211823"
tt1213663,tt1213663,nm0942367,"nm0670408,nm0942367"
tt2832470,tt2832470,nm2482088,"nm2482088,nm0388473,nm2552337"
tt1259521,tt1259521,nm1206844,"nm0923736,nm1206844"
tt0102293,tt0102293,nm0482670,"nm1834353,nm1618302,nm0482670"
tt0121766,tt0121766,nm0000184,"nm0000184,nm1694619,nm2176955"
tt0121765,tt0121765,nm0000184,"nm0000184,nm0355054,nm1694619,nm2176955"
tt0089885,tt0089885,nm0002340,"nm0522454,nm0660016,nm0635920,nm0002340"
tt0365748,tt0365748,nm0942367,"nm0670408,nm0942367"
tt1525366,tt1525366,nm1229323,nm3042546
tt3205376,tt3205376,nm3304468,nm3304468
tt4184878,tt4184878,nm0935664,"nm2342762,nm0549354,nm3597252,nm0655699"
tt3705412,tt3705412,nm3950520,nm3950520
tt3118452,tt3118452,"nm5278146,nm5278427","nm5278146,nm5278427"
tt1343727,tt1343727,nm0871428,"nm0905957,nm0264338,nm0307497"
tt0285761,tt0285761,nm0994529,nm0995940
tt0070544,tt0070544,nm0482537,"nm0943248,nm0867718,nm0482537"
tt0387808,tt0387808,nm0431918,"nm0431918,nm1000113"
tt0117571,tt0117571,nm0000127,nm0932078
tt0151804,tt0151804,nm0431918,nm0431918
tt0074486,tt0074486,nm0000186,nm0000186
tt0364569,tt0364569,nm0661791,"nm1628380,nm2057405,nm0661791,nm1367409,nm1369364"
tt0363163,tt0363163,nm0386570,"nm0251536,nm0275264,nm0432622,nm0612199"
tt0103064,tt0103064,nm0000116,"nm0000116,nm0936537"
tt0816692,tt0816692,nm0634240,"nm0634300,nm0634240"
tt1596363,tt1596363,nm0570912,"nm1017488,nm0570912,nm1034122"
tt0390384,tt0390384,nm1503403,nm1503403
tt0093177,tt0093177,nm0000850,nm0000850
tt0907657,tt0907657,nm0138809,nm0138809
tt0463854,tt0463854,nm0294379,"nm0423626,nm0294379,nm0492038,nm0647449"
tt0457430,tt0457430,nm0868219,nm0868219
tt0086541,tt0086541,nm0000343,nm0000343
tt0066921,tt0066921,nm0000040,"nm0000040,nm0121256"
tt2975590,tt2975590,nm0811583,"nm0006516,nm0275286,nm0004170,nm0277730,nm0796950,nm0795975,nm0551376"
tt2582802,tt2582802,nm3227090,nm3227090
tt3011894,tt3011894,nm1167933,"nm1238855,nm1167933"
tt4062536,tt4062536,nm1099918,nm1099918
tt1895587,tt1895587,nm0565336,"nm1802857,nm0565336"
tt1210819,tt1210819,nm0893659,"nm1244808,nm0254645,nm0744429"
tt0077383,tt0077383,nm0850601,nm0850601
tt0072271,tt0072271,nm0001361,"nm0377066,nm0001361"
tt0914798,tt0914798,nm0379179,"nm2477197,nm0379179"
tt0296042,tt0296042,nm0586281,"nm0766499,nm1152460"
tt0324216,tt0324216,nm1197971,"nm0377066,nm0001361,nm0466925"
tt0407887,tt0407887,nm0000217,"nm1184258,nm0538320,nm0159039"
tt0072890,tt0072890,nm0001486,"nm0682757,nm0460190,nm0601944,nm0909063"
tt0123755,tt0123755,nm0622112,"nm0082008,nm0622112,nm0543919"
tt0208092,tt0208092,nm0005363,nm0005363
tt0120735,tt0120735,nm0005363,nm0005363
tt1853739,tt1853739,nm1417392,nm1440023
tt2400463,tt2400463,nm0476201,"nm0006534,nm0542062"
tt0071733,tt0071733,nm0001501,"nm0001501,nm0595272"
tt0095467,tt0095467,nm0001425,"nm0001425,nm0682830"
tt1179891,tt1179891,nm0527261,"nm0267805,nm2909914,nm0063583,nm0589357"
tt0055630,tt0055630,nm0000041,"nm0000041,nm0452878"
tt0082509,tt0082509,"nm0693376,nm0116497,nm0354691,nm0844301,nm0613471,nm0625166,nm0754678,nm0831349,nm0887351,nm0924266","nm0325175,nm0089676,nm0639321,nm0179120,nm0942951,nm0571729,nm0320786"
tt0203119,tt0203119,nm0322242,"nm0578011,nm0778476"
tt0095468,tt0095468,nm0001425,"nm0682830,nm0001425"
tt0454841,tt0454841,nm0014960,"nm0000127,nm0014960,nm0505183"
tt0042876,tt0042876,nm0000041,"nm0015611,nm0000041,nm0368074"
tt0047478,tt0047478,nm0000041,"nm0000041,nm0368074,nm0644823"
tt0094625,tt0094625,nm0960028,"nm0960028,nm0368051"
tt1638002,tt1638002,nm0228542,"nm1130708,nm1754499"
tt0169547,tt0169547,nm0005222,nm0050332
tt1477076,tt1477076,nm0340436,"nm1733317,nm1729303"
tt1233227,tt1233227,nm0340436,"nm1733317,nm1729303"
tt1023500,tt1023500,nm0922115,nm2645827
tt1183732,tt1183732,nm1883583,"nm0435296,nm2972626,nm1883583,nm5384211"
tt1132626,tt1132626,nm0352524,"nm1733317,nm1729303"
tt0385705,tt0385705,nm0522393,"nm1661895,nm0522393"
tt0106677,tt0106677,nm0000500,nm0000500
tt0890870,tt0890870,nm1135423,"nm1733317,nm1729303,nm0272090"
tt0070959,tt0070959,nm0002020,"nm0758357,nm0002020"
tt2926810,tt2926810,"nm0038896,nm1027986,nm0095321,nm1486025,nm3043504,nm2376614,nm0275244,nm1402202,nm1671995,nm2101710,nm1414810,nm3522076,nm2725627,nm1289234,nm0554890,nm0560277,nm8060038,nm2377660,nm1152178,nm1854288,nm0622112,nm4055378,nm4142927,nm0687739,nm0707963,nm0737442,nm3009132,nm3042028,nm3609341,nm3609300,nm1730404","nm0863807,nm3616958,nm1027986,nm1402202,nm1152178,nm1486025,nm2504122,nm1671995,nm1361864,nm0560277,nm1161528,nm0707963,nm3043504,nm3042028,nm2101710,nm8027178,nm0095321,nm0275244,nm4055378,nm0737442,nm0038896,nm3314549,nm0554890,nm3609341,nm3609300,nm0622112,nm3009132,nm3664419,nm2860882,nm2377660,nm2376614,nm1730404,nm1854288"
tt5022702,tt5022702,nm1093039,"nm1093039,nm2318089"
tt0078788,tt0078788,nm0000338,"nm0587518,nm0000338,nm0380282,nm0175676"
tt1640459,tt1640459,nm2639032,nm3851113
tt1465522,tt1465522,nm0185848,"nm0185848,nm1549853"
tt0059440,tt0059440,nm0596261,"nm0596261,nm0576615"
tt0454848,tt0454848,nm0000490,nm1897957
tt0456912,tt0456912,nm0453518,"nm9461976,nm0453518"
tt0099763,tt0099763,nm0573796,"nm0278626,nm0573796"
tt0338095,tt0338095,nm0014960,"nm0014960,nm0505183"
tt0096256,tt0096256,nm0000118,"nm0625688,nm0000118"
tt0450278,tt0450278,nm0744834,nm0744834
tt0050976,tt0050976,nm0000005,nm0000005
tt4048668,tt4048668,"nm1887480,nm1519639","nm1887480,nm1519639,nm0878494"
tt0017136,tt0017136,nm0000485,"nm0902376,nm0000485"
tt1636826,tt1636826,nm1294036,"nm0236966,nm0045209"
tt1588170,tt1588170,nm0453518,"nm4219902,nm0453518"
tt0081506,tt0081506,"nm0396884,nm0593014","nm0396884,nm0463521,nm0463618,nm0918844"
tt1029234,tt1029234,nm1052791,nm1052791
tt0363589,tt0363589,nm0001814,nm0001814
tt1931533,tt1931533,nm1732981,nm1732981
tt0070217,tt0070217,nm0953130,nm0953130
tt0293484,tt0293484,nm0057003,"nm0785477,nm1242556"
tt3799694,tt3799694,nm0000948,"nm0000948,nm0046524"
tt3672742,tt3672742,"nm2379331,nm2377436,nm2375643","nm2377436,nm2379331,nm2375643"
tt4131240,tt4131240,nm1255286,"nm1597664,nm1255286"
tt1568346,tt1568346,nm0000399,"nm0001873,nm2297183"
tt1527186,tt1527186,nm0001885,nm0001885
tt1622979,tt1622979,nm0702797,"nm2104063,nm0714695"
tt0091251,tt0091251,nm0459552,"nm0010696,nm0459552"
tt1144884,tt1144884,nm0254786,"nm0107774,nm0714695"
tt0195714,tt0195714,nm0939128,"nm0604688,nm0939128,nm0714695"
tt0078748,tt0078748,nm0000631,"nm0639321,nm0795953"
tt0075314,tt0075314,nm0000217,nm0001707
tt1783732,tt1783732,nm0181741,"nm0181741,nm4200139"
tt1450321,tt1450321,nm1580671,"nm1580671,nm0920543"
tt1396523,tt1396523,"nm0519594,nm0490487","nm0223939,nm0519594,nm1854568"
tt4034354,tt4034354,"nm3453283,nm3215397","nm3215397,nm3453283"
tt0119116,tt0119116,nm0000108,"nm0000108,nm0436543"
tt0060390,tt0060390,nm0000076,"nm0000076,nm0723827,nm0001969,nm0748814,nm0779231"
tt0071853,tt0071853,"nm0000416,nm0001402","nm0001037,nm0000092,nm0001385,nm0000416,nm0001402,nm0001589,nm0540627"
tt0819895,tt0819895,nm1364086,"nm2304473,nm1364086,nm1146102"
tt2975578,tt2975578,nm0218621,nm0218621
tt3464902,tt3464902,nm0487166,"nm0487166,nm3328207"
tt4094724,tt4094724,nm0218621,nm0218621
tt2119532,tt2119532,nm0000154,"nm0770938,nm0460795"
tt2543164,tt2543164,nm0898288,"nm2104063,nm5384213"
tt2582782,tt2582782,nm0533284,nm0792263
tt4975722,tt4975722,nm1503575,"nm1503575,nm4144120"
tt1305806,tt1305806,nm0002728,"nm3160078,nm0002728"
tt0040746,tt0040746,nm0000033,"nm0002025,nm0358096,nm0491306,nm0372942"
tt0108052,tt0108052,nm0000229,"nm0447745,nm0001873"
tt0175880,tt0175880,nm0000759,nm0000759
tt0116282,tt0116282,"nm0001054,nm0001053","nm0001053,nm0001054"
tt1827487,tt1827487,nm0149196,"nm0946324,nm0149196,nm1941926"
tt1683526,tt1683526,nm0443411,nm1656308
tt1912398,tt1912398,nm0001281,nm0001281
tt2802144,tt2802144,nm0891216,"nm0963359,nm0891216,nm2092839,nm1733301"
tt1398426,tt1398426,nm0336620,"nm6707680,nm0075696,nm0767655,nm0921023"
tt4034228,tt4034228,nm0518836,nm0518836
tt1403865,tt1403865,"nm0001053,nm0001054","nm0001054,nm0001053,nm0692427"
tt0244316,tt0244316,nm0945981,nm0945981
tt1019452,tt1019452,"nm0001053,nm0001054","nm0001054,nm0001053"
tt0477348,tt0477348,"nm0001053,nm0001054","nm0001054,nm0001053,nm0565092"
tt0887883,tt0887883,"nm0001053,nm0001054","nm0001054,nm0001053"
tt0088847,tt0088847,nm0000455,nm0000455
tt0382932,tt0382932,"nm0684342,nm0083348","nm0083348,nm0684342,nm0135296,nm1486235,nm1271884,nm0677037"
tt1077258,tt1077258,nm0001675,nm0001675
tt0180093,tt0180093,nm0004716,"nm0782968,nm0004716"
tt0054215,tt0054215,nm0000033,"nm0825010,nm0088645"
tt0209144,tt0209144,nm0634240,"nm0634240,nm0634300"
tt0399146,tt0399146,nm0000343,"nm0905957,nm1583671,nm0647939"
tt1316540,tt1316540,"nm0850601,nm0398555","nm0470004,nm0850601"
tt0065234,tt0065234,nm0002020,"nm0890825,nm0783934,nm0002020,nm0059553"
tt0373883,tt0373883,nm0957772,"nm0957772,nm0000118,nm0384185"
tt0120815,tt0120815,nm0000229,nm0734441
tt0105236,tt0105236,nm0000233,"nm0000233,nm0000812"
tt0211915,tt0211915,nm0000466,"nm0491011,nm0000466"
tt0401792,tt0401792,"nm0001675,nm0588340,nm0000233","nm0588340,nm0001675"
tt0119396,tt0119396,nm0000233,"nm0000233,nm0001465"
tt1853728,tt1853728,nm0000233,nm0000233
tt1951264,tt1951264,nm1349376,"nm0064479,nm1578335,nm1056741"
tt1951264,tt1951264,nm1349376,"nm0064479,nm1578335,nm1056741"
tt1727770,tt1727770,nm0001402,"nm0001402,nm0779170,nm0010930"
tt0462322,tt0462322,"nm0001675,nm0744834,nm0000233,nm0942367,nm0957772","nm0001675,nm0957772,nm0942367,nm1249684,nm0744834,nm0000233,nm1080440,nm2639032,nm3851113"
tt0409847,tt0409847,nm0269463,"nm0649460,nm0476064,nm0511541,nm1318843,nm1319757,nm0644203,nm0003321"
tt0056111,tt0056111,"nm0001789,nm0007672","nm1530016,nm0660353,nm0001789,nm0464846"
tt0119167,tt0119167,nm0359734,nm0359734
tt0050825,tt0050825,nm0000040,"nm0000040,nm0932229,nm0860292,nm0167767"
tt0054331,tt0054331,nm0000040,"nm0874308,nm0268779,nm0001811,nm0932229,nm1306202"
tt0057012,tt0057012,nm0000040,"nm0000040,nm0816143,nm0313570"
tt0093058,tt0093058,nm0000040,"nm0000040,nm0380282,nm0368007"
tt0069293,tt0069293,nm0001789,"nm0501015,nm0330830,nm0001789"
tt0378194,tt0378194,nm0000233,"nm0000233,nm0000235"
tt0062622,tt0062622,nm0000040,"nm0000040,nm0002009"
tt1663202,tt1663202,nm0327944,"nm1872664,nm0327944,nm3488559"
tt1386697,tt1386697,nm0043742,"nm0043742,nm1694619"
tt0361748,tt0361748,nm0000233,nm0000233
tt1183733,tt1183733,nm0001367,"nm1569073,nm0286790,nm0490375,nm0920229"
tt0185937,tt0185937,"nm0617130,nm0844896","nm0617130,nm0844896,nm0231946"
tt0103873,tt0103873,nm0001392,"nm0801728,nm0909638,nm0001392"
tt0137523,tt0137523,nm0000399,"nm0657333,nm0880243"
tt0120586,tt0120586,nm0443411,nm0571346
tt1872204,tt1872204,\N,\N
tt1288558,tt1288558,nm1793079,"nm1793079,nm2140186,nm0000600"
tt2265171,tt2265171,nm2153088,nm2153088
tt4263482,tt4263482,nm3211470,nm3211470
tt4176826,tt4176826,nm1177494,"nm1177494,nm4824241,nm6048418,nm0471086,nm3018800,nm1729412,nm2095095"
tt4853102,tt4853102,nm0515005,"nm1568755,nm2082787,nm0004170,nm0277730,nm0600872"
tt1148204,tt1148204,nm1429471,"nm0424901,nm2858852"
tt0458525,tt0458525,nm0004303,"nm1125275,nm0940790"
tt0080684,tt0080684,nm0449984,"nm0102824,nm0001410,nm0000184"
tt0116367,tt0116367,nm0001675,"nm0476071,nm0000233"
tt0133093,tt0133093,"nm0905154,nm0905152","nm0905152,nm0905154"
tt0099674,tt0099674,nm0000338,"nm0701374,nm0000338"
tt0071562,tt0071562,nm0000338,"nm0000338,nm0701374"
tt0068646,tt0068646,nm0000338,"nm0701374,nm0000338"
tt0088846,tt0088846,nm0000416,"nm0000416,nm0001779,nm0571650,nm0023395"
tt1430132,tt1430132,nm0003506,"nm0093560,nm0291082"
tt0478970,tt0478970,nm0715636,"nm0942367,nm0180428,nm0570912,nm0748620,nm0498278,nm1293367,nm0456158"
tt2184339,tt2184339,nm0218621,nm0218621
tt3072482,tt3072482,nm5820154,"nm5820154,nm0829901"
tt0770828,tt0770828,nm0811583,"nm0275286,nm0634240,nm0796950,nm0795975"
tt0758774,tt0758774,nm0000631,"nm1184258,nm2015758"
tt0317705,tt0317705,nm0083348,nm0083348
tt0287978,tt0287978,nm0425756,nm0425756
tt0385880,tt0385880,nm1481493,"nm1363595,nm1041479,nm0972040"
tt0416236,tt0416236,nm0914132,"nm0456732,nm1183854,nm0000626,nm1650403,nm1649488"
tt0106308,tt0106308,nm0000600,"nm0000600,nm0706898"
tt0092991,tt0092991,nm0000600,"nm0000600,nm0818547"
tt0083907,tt0083907,nm0000600,nm0000600
tt0114814,tt0114814,nm0001741,nm0003160
tt0198781,tt0198781,"nm0230032,nm0798899,nm0881279","nm0230032,nm0191717,nm0682066,nm0250995,nm0004056,nm0314870"
tt0073486,tt0073486,nm0001232,"nm0369142,nm0325743,nm0450181,nm0913670"
tt0844479,tt0844479,nm1729303,"nm1733317,nm1729303"
tt0166924,tt0166924,nm0000186,nm0000186
tt0432348,tt0432348,nm1135423,"nm1191481,nm1135423"
tt0489270,tt0489270,nm1135423,"nm1191481,nm1490123"
tt0387564,tt0387564,nm1490123,"nm1191481,nm1490123"
tt0245429,tt0245429,nm0594503,nm0594503
tt0083658,tt0083658,nm0000631,"nm0266684,nm0672459,nm0001140"
tt1242460,tt1242460,nm0708903,"nm0708903,nm4094284,nm2651543"
tt2113642,tt2113642,nm3628491,nm3628491
tt1392190,tt1392190,nm0004306,"nm0004306,nm0565068,nm0490147"
tt1748227,tt1748227,nm1729303,"nm1733317,nm1729303"
tt2375574,tt2375574,nm1296554,"nm4207229,nm1296554"
tt2866360,tt2866360,nm0126096,"nm0126096,nm1178832"
tt0012349,tt0012349,nm0000122,nm0000122
tt0081505,tt0081505,nm0000040,"nm0000175,nm0000040,nm0424956"
tt0110912,tt0110912,nm0000233,"nm0000233,nm0000812"
tt0060196,tt0060196,nm0001466,"nm0898812,nm0001466,nm0408488,nm0769249"
tt2488496,tt2488496,nm0009190,"nm0001410,nm0009190,nm1578335,nm0000184"
tt2096673,tt2096673,"nm0230032,nm0215455","nm0230032,nm0215455,nm0498834,nm2155757,nm1578335,nm2919995,nm0352778,nm0688132"
tt0090557,tt0090557,nm0851724,"nm0666714,nm0694046,nm0713128,nm0851724,nm0851725"
tt1131734,tt1131734,nm0476201,nm1959505
tt1499658,tt1499658,nm1164861,"nm0002864,nm0197855,nm0326246"
tt1650043,tt1650043,nm0101047,"nm0007091,nm0431817,nm2732149"
tt0088258,tt0088258,nm0001661,"nm0001302,nm0571106,nm0733427,nm0001661"
tt2191701,tt2191701,nm0240797,"nm0937748,nm0001191,nm0379056"
tt8075192,tt8075192,nm0466153,nm0466153
tt3472226,tt3472226,nm6247887,nm6247887
tt3846674,tt3846674,nm0426287,"nm2531261,nm6614229"
tt4276820,tt4276820,nm0359387,nm1557909
tt0116126,tt0116126,nm0054077,"nm0915465,nm0005541,nm0064556"
tt9354842,tt9354842,nm0277342,"nm2531261,nm0328987,nm6614229,nm4915003"
tt7979580,tt7979580,"nm5106831,nm6676487","nm5106831,nm6676487,nm1667980,nm3229215"
tt0090756,tt0090756,nm0000186,nm0000186
tt6111574,tt6111574,nm0942504,"nm0504832,nm8481224"
tt1039960,tt1039960,nm2293201,"nm0233112,nm2293201,nm2673018,nm2290090"
tt3474994,tt3474994,nm1805204,"nm1805204,nm0844273"
tt0993840,tt0993840,nm0811583,"nm0811583,nm8748334,nm1703612"
tt0947798,tt0947798,nm0004716,"nm2114730,nm0374560,nm0572352"
tt0440803,tt0440803,"nm1802294,nm1059740","nm1059740,nm1802294,nm1637163"
tt0120663,tt0120663,nm0000040,"nm0000040,nm0710698,nm0774217"
tt2224026,tt2224026,nm0426333,"nm0040022,nm0256079,nm5199482"
tt1798709,tt1798709,nm0005069,nm0005069
tt8367814,tt8367814,nm0005363,"nm0005363,nm6842463,nm3044095,nm2580983"
tt11083552,tt11083552,nm0005363,"nm0099398,nm0078704,nm0005363,nm6842463,nm3044095"
tt0414852,tt0414852,nm0603628,"nm0000108,nm1098947"
tt1517451,tt1517451,nm0177896,"nm0744839,nm0177896,nm3391497,nm0366454,nm0242869,nm0225820,nm0682757,nm0920074,nm0308604"
tt0278488,tt0278488,nm0245888,nm0008935
tt1421373,tt1421373,nm0127373,nm0127373
tt2112999,tt2112999,nm0127373,nm0127373
tt1981677,tt1981677,nm0601337,"nm0134224,nm3015467"
tt7069210,tt7069210,nm1980431,"nm0424901,nm1490123,nm0370937,nm0370928"
tt0112471,tt0112471,nm0000500,"nm0000500,nm0471811"
tt0235198,tt0235198,nm0586281,"nm0613487,nm0854976"
tt0381681,tt0381681,nm0000500,"nm0000500,nm0000365,nm0000160,nm0471811"
tt0119488,tt0119488,nm0000436,"nm0255278,nm0001338,nm0000436"
tt0111149,tt0111149,nm0000965,nm0388076
tt0375912,tt0375912,nm0891216,nm1129753
tt0119174,tt0119174,nm0000399,"nm0104335,nm0274905"
tt2798920,tt2798920,nm0307497,"nm0307497,nm4554159"
tt0478209,tt0478209,"nm0242757,nm1737383,nm1083864","nm0242757,nm1083864,nm1737383"
tt1014809,tt1014809,"nm2629172,nm0263878",\N
tt7954282,tt7954282,nm2985800,\N
tt0414982,tt0414982,nm0939128,"nm0604688,nm0939128,nm0714695"
tt0251127,tt0251127,nm0677953,"nm0018630,nm0519009,nm0118649,nm0716391,nm0824882"
tt6566576,tt6566576,nm4074404,"nm0830419,nm3189831,nm5177682,nm4074404"
tt0263757,tt0263757,nm0945026,"nm0196932,nm0644806,nm0203183,nm0414324"
tt8332922,tt8332922,nm1024677,"nm1024677,nm1456816,nm1399714"
tt12801262,tt12801262,nm1154836,"nm1154836,nm5428959,nm1776787,nm0428873,nm0528724,nm6590106"
tt14544192,tt14544192,nm3102998,nm3102998
tt5503686,tt5503686,nm1032521,"nm1032521,nm5658722"
tt9701940,tt9701940,nm4074404,"nm5599654,nm4074404,nm5177682,nm0830419"
tt9701942,tt9701942,nm4074404,"nm5177682,nm4074404,nm4418668,nm0830419"
tt0250494,tt0250494,nm0525659,"nm0113005,nm0527581,nm0809006"
tt1278449,tt1278449,"nm0800800,nm0632312","nm0800800,nm0632312,nm2622280"
tt0015648,tt0015648,nm0001178,"nm0012810,nm0001178,nm0017893,nm0038595,nm0872308"
tt0093342,tt0093342,nm0452102,nm0452102
tt0061473,tt0061473,nm0000419,nm0000419
tt0289879,tt0289879,"nm0107774,nm0344259","nm0344259,nm0107774"
tt0113247,tt0113247,nm0440913,nm0440913
tt0056663,tt0056663,nm0000419,"nm0755338,nm0000419"
tt0104684,tt0104684,nm0000247,"nm0000247,nm0938944,nm0150906"
tt7476810,tt7476810,nm4014166,nm4014166
tt0034583,tt0034583,nm0002031,"nm0258493,nm0258525,nm0462321,nm0122417,nm0019706,nm0732452"
tt0305206,tt0305206,"nm0075849,nm0700301","nm0670688,nm1202074,nm0075849,nm0700301"
tt2409302,tt2409302,nm0814469,nm0814469
tt1743724,tt1743724,nm0814469,"nm2679146,nm0814469"
tt1632547,tt1632547,nm0814469,"nm0814469,nm3417506"
tt0249172,tt0249172,nm0760508,"nm0829044,nm0002973"
tt0102511,tt0102511,nm0000343,"nm0123221,nm0000343"
tt0088680,tt0088680,nm0000217,nm0591387
tt0060675,tt0060675,nm0000419,"nm0000419,nm0326173,nm0560943"
tt0280707,tt0280707,nm0000265,"nm0271501,nm0000265,nm0000837"
tt0109424,tt0109424,nm0939182,nm0939182
tt2209418,tt2209418,nm0000500,"nm0000500,nm0000365,nm0000160,nm0471811"
tt11317142,tt11317142,nm7681231,nm7681231
tt0254686,tt0254686,nm0359734,"nm0359734,nm0420548"
tt0057358,tt0057358,nm0000005,nm0000005
tt0093593,tt0093593,nm0958558,"nm0958558,nm0958559"
tt6334354,tt6334354,nm0348181,nm0348181
tt0387898,tt0387898,nm0359734,nm0359734
tt0808279,tt0808279,nm0359734,nm0359734
tt0077928,tt0077928,nm0000570,"nm0000231,nm0370907,nm0388772"
tt7347846,tt7347846,"nm3868633,nm1072411","nm1230585,nm1072411,nm3868633"
tt0097493,tt0097493,nm0499724,nm0914058
tt1486834,tt1486834,nm0236226,"nm0997459,nm5182094,nm3867315"
tt1974419,tt1974419,nm0716347,"nm0716347,nm6890017,nm6031291"
tt0317198,tt0317198,nm0452319,"nm0276144,nm0203577,nm0193485,nm0111845"
tt0251654,tt0251654,nm0490133,nm0152638
tt10676012,tt10676012,nm0277342,"nm2692519,nm6614229,nm4915003"
tt9356952,tt9356952,nm3215397,nm6067982
tt8836988,tt8836988,nm0425364,"nm7217662,nm0425364"
tt1116184,tt1116184,nm0871860,"nm0871860,nm0424216,nm0546640,nm0828177,nm0690686,nm0242756,nm0010338,nm1035634,nm0569199,nm0257424,nm0005069,nm0519671,nm2045682,nm3052256,nm1328615,nm1331666,nm4122527,nm1029878,nm0292712,nm1017027,nm1079524,nm1029269,nm2207459,nm1030622"
tt0120737,tt0120737,nm0001392,"nm0866058,nm0909638,nm0101991,nm0001392"
tt1232207,tt1232207,nm0601619,nm0601619
tt1249171,tt1249171,"nm0242757,nm1083864","nm0242757,nm1083864"
tt1323594,tt1323594,"nm1853544,nm0719208","nm0666791,nm0202425,nm0655053"
tt1792588,tt1792588,nm0926911,\N
tt1700841,tt1700841,"nm0862911,nm0970447","nm3773434,nm3782043,nm0736622,nm1698571,nm1706767"
tt1942884,tt1942884,"nm1515795,nm2499666",\N
tt1979319,tt1979319,nm3311094,"nm0914941,nm2789483,nm3311094"
tt0267913,tt0267913,nm0331532,"nm0348181,nm0864471,nm0360253,nm0053484"
tt0280653,tt0280653,nm0002020,"nm0002020,nm0344467,nm0387827"
tt2660332,tt2660332,nm0875659,nm0875659
tt3097204,tt3097204,"nm1720648,nm0606597","nm1720648,nm0606597"
tt3316948,tt3316948,nm1294036,nm0484840
tt3235888,tt3235888,nm1379002,nm1379002
tt3416742,tt3416742,"nm0169806,nm1318596","nm1318596,nm0169806"
tt3521164,tt3521164,"nm0615780,nm0930261,nm2320658,nm0166256","nm1158544,nm0166256,nm0615780,nm0930261,nm2320658,nm0962596,nm3764118,nm3764493"
tt0419434,tt0419434,nm0705127,nm1684369
tt0441773,tt0441773,"nm0651706,nm0828970","nm0008743,nm0074184,nm0717550,nm0903456,nm1938852"
tt4669296,tt4669296,nm0959774,"nm0536370,nm0959774,nm3116483,nm7520458"
tt4530422,tt4530422,nm1170339,"nm0712753,nm1872664"
tt5848272,tt5848272,"nm1601882,nm0601781","nm1601882,nm0962596,nm0601781,nm0714114,nm2888684"
tt0062711,tt0062711,nm0671862,"nm0286121,nm0816143,nm0671862,nm0115892,nm0094558,nm0939618,nm0214659,nm0309633,nm0341458"
tt7131622,tt7131622,nm0000233,nm0000233
tt0076759,tt0076759,nm0000184,nm0000184
tt0762125,tt0762125,"nm3360961,nm3371961,nm3483756","nm0830294,nm3371961,nm3360961,nm3483756,nm2171590"
tt0808510,tt0808510,nm0501185,"nm0304665,nm0541632,nm0827985,nm0893262,nm0802020,nm0682063"
tt0094357,tt0094357,nm0000247,"nm0150916,nm0505000,nm0007139,nm0000247"
tt9495224,tt9495224,nm1720541,nm0111765
tt1661199,tt1661199,nm0000110,"nm0919363,nm0674518"
tt0356470,tt0356470,nm0743093,nm1354901
tt3811906,tt3811906,nm1490123,"nm1490123,nm2445328,nm4868455"
tt0071877,tt0071877,nm0001486,"nm0214989,nm0002005,nm0787289"
tt4178092,tt4178092,nm0249291,nm0249291
tt6264654,tt6264654,nm0506613,"nm1073238,nm0672015"
tt2704998,tt2704998,"nm0326246,nm0197855",nm0991423
tt5168192,tt5168192,nm0516360,nm0491956
tt0062352,tt0062352,nm0733790,nm0733790
tt8150814,tt8150814,nm2674307,"nm9703734,nm2849655"
tt0814335,tt0814335,nm1879589,"nm0136592,nm0922799,nm0498839,nm0307257"
tt0425458,tt0425458,nm1732981,nm1732981
tt5109784,tt5109784,nm0004716,nm0004716
tt0458352,tt0458352,nm0291205,"nm0112459,nm1916979"
tt0056058,tt0056058,nm0462030,"nm0847668,nm0368074"
tt10050782,tt10050782,nm0292735,\N
tt1160419,tt1160419,nm0898288,"nm3123612,nm0898288,nm0744839,nm0378541"
tt0094862,tt0094862,nm0276169,"nm0238841,nm0480843,nm0276169"
tt2101441,tt2101441,nm0005101,nm0005101
tt0101272,tt0101272,nm0001756,"nm0011623,nm0003031,nm0933733"
tt0082495,tt0082495,nm0742819,"nm0000118,nm0384185"
tt0107653,tt0107653,nm0005139,nm0005139
tt0357413,tt0357413,nm0570912,"nm0002071,nm0570912"
tt1255953,tt1255953,nm0898288,"nm0898288,nm1416431,nm4034068"
tt2870612,tt2870612,nm0235719,"nm0235719,nm1803105"
tt4443658,tt4443658,nm2577199,"nm4362639,nm2577199"
tt10944760,tt10944760,nm4469445,"nm4469445,nm0015149,nm5320419,nm1770774"
tt15763012,tt15763012,nm9698697,nm5595151
tt2382320,tt2382320,nm1560977,"nm0701031,nm0905498,nm1560977,nm3564817"
tt2170439,tt2170439,nm1890845,"nm1890845,nm1898234,nm0326246,nm0197855,nm0002864"
tt9639470,tt9639470,nm0942367,"nm0942367,nm4880670"
tt0113118,tt0113118,nm0336620,"nm0001084,nm0690770"
tt0067429,tt0067429,nm0223964,"nm0769391,nm0223964"
tt0765432,tt0765432,nm0248942,"nm0251536,nm0248942,nm0042266"
tt0139134,tt0139134,nm0474955,"nm0480166,nm0474955"
tt0947802,tt0947802,nm0001438,"nm0521739,nm0466122"
tt6738136,tt6738136,nm0267287,nm0267287
tt1638355,tt1638355,nm0005363,"nm0005363,nm0927880,nm0458566,nm0933276,nm0738222"
tt0210070,tt0210070,nm0269502,"nm0910550,nm0269502"
tt2250912,tt2250912,nm1218281,"nm0326246,nm0197855,nm1218281,nm1755986,nm0571344,nm1273099,nm0498278,nm0228492,nm0800209,nm0456158"
tt6320628,tt6320628,nm1218281,"nm0571344,nm1273099,nm0498278,nm0228492"
tt0088286,tt0088286,"nm0001878,nm0000720,nm0958387","nm0000720,nm0001878,nm0958387,nm0121789"
tt10872600,tt10872600,nm1218281,"nm0571344,nm1273099,nm0498278,nm0228492"
tt8579674,tt8579674,nm0005222,"nm0005222,nm4880670"
tt0117715,tt0117715,nm0840905,nm0840905
tt0082783,tt0082783,nm0001501,"nm0001728,nm0339737"
tt2852400,tt2852400,nm0422605,nm0422605
tt1540133,tt1540133,nm0567620,nm0567620
tt0373469,tt0373469,nm0000948,"nm0356539,nm0000948"
tt8191502,tt8191502,nm5396854,nm5396854
tt0290673,tt0290673,nm0637615,nm0637615
tt0157016,tt0157016,nm0637615,nm0637615
tt0043014,tt0043014,nm0000697,"nm0102818,nm0000697,nm0551261"
tt0159097,tt0159097,nm0001068,"nm0262325,nm0001068"
tt8258074,tt8258074,nm0777498,nm0598531
tt3824458,tt3824458,nm0048918,"nm0048918,nm2022341"
tt0077711,tt0077711,nm0000005,nm0000005
tt0095675,tt0095675,nm0000264,"nm0000264,nm0168413"
tt0053604,tt0053604,nm0000697,"nm0000697,nm0224634"
tt16077670,tt16077670,nm0939182,nm0939182
tt10160896,tt10160896,"nm5577948,nm9921365,nm1557577","nm1557577,nm9921365,nm0044344"
tt3462180,tt3462180,nm1381769,nm1381769
tt0097564,tt0097564,nm0299134,"nm0299134,nm0576974"
tt0209172,tt0209172,nm0006445,\N
tt0271383,tt0271383,nm0037136,"nm0037136,nm0266045,nm0266049,nm0836874"
tt0271383,tt0271383,nm0037136,"nm0037136,nm0266045,nm0266049,nm0836874"
tt0056119,tt0056119,nm0003408,nm0003408
tt0091759,tt0091759,nm0520283,"nm0520283,nm0752951,nm0835298"
tt0065043,tt0065043,nm0953130,"nm0953130,nm0954072"
tt0120669,tt0120669,nm0000416,"nm0860219,nm0000416,nm0342617,nm0204000,nm0007182"
tt0044741,tt0044741,nm0000041,"nm0000041,nm0368074,nm0644823"
tt0423866,tt0423866,nm1104118,nm1104118
tt2287665,tt2287665,nm2105129,"nm4937639,nm2105129"
tt7799912,tt7799912,nm1847711,"nm9858362,nm2808900"
tt14957270,tt14957270,nm0798899,"nm2463299,nm3165087,nm0295791,nm0419830,nm1399560"
tt0092273,tt0092273,nm0482670,"nm0939147,nm0950699"
tt0075938,tt0075938,nm0000975,nm0000975
tt10838180,tt10838180,nm0905154,"nm0905154,nm3290967,nm3097752,nm0905152"
tt0480249,tt0480249,nm1349376,"nm0698873,nm0326040,nm0558577,nm0181019,nm0181020"
tt0019760,tt0019760,nm0895048,nm0895048
tt1584755,tt1584755,\N,\N
tt2190367,tt2190367,nm2207625,nm2207625
tt2333330,tt2333330,nm2105129,"nm4937639,nm0117770,nm2105129,nm0894241"
tt0397085,tt0397085,\N,nm1557591
tt0103759,tt0103759,nm0001206,"nm0526259,nm0001206"
tt0222735,tt0222735,nm0617588,nm0617588
tt0079501,tt0079501,nm0004306,"nm0565537,nm0004306,nm0447945"
tt0268126,tt0268126,nm0005069,"nm0650036,nm0442109"
tt4003440,tt4003440,nm0001885,"nm0001885,nm5008457"
tt11778118,tt11778118,nm2970236,"nm10013855,nm2970236"
tt0120082,tt0120082,nm0000127,nm0932078
tt1922777,tt1922777,nm0220600,"nm0220600,nm1803036"
tt1262416,tt1262416,nm0000127,nm0932078
tt7740496,tt7740496,nm0868219,"nm0868219,nm1965407,nm0340343"
tt6856242,tt6856242,nm0891216,"nm0891216,nm2244980,nm2092839,nm1733301"
tt11245972,tt11245972,"nm2366012,nm2419470","nm0888743,nm2361509,nm0932078"
tt1791528,tt1791528,nm0000759,"nm0000759,nm1535410"
tt11755740,tt11755740,nm2596725,"nm4047694,nm1793079,nm2140186,nm0377066,nm0001361"
tt0018246,tt0018246,nm0795528,"nm0501924,nm0795528"
tt0120907,tt0120907,nm0000343,nm0000343
tt11271038,tt11271038,nm0000759,nm0000759
tt0365376,tt0365376,nm0453518,nm0453518
tt1618434,tt1618434,nm1760830,nm0888743
tt13403046,tt13403046,nm6470216,nm2808340
tt1480656,tt1480656,nm0000343,"nm0000343,nm1680347"
tt6791886,tt6791886,nm0084502,"nm0084502,nm8798881,nm3628491"
tt13341848,tt13341848,nm1089963,"nm0863988,nm2204730,nm3249078,nm0239051"
tt5774450,tt5774450,"nm2377436,nm2379331,nm2375643","nm6233994,nm8186737"
tt5221584,tt5221584,nm2207625,nm2207625
tt1631867,tt1631867,nm0510731,"nm0003160,nm0125336,nm3890871,nm3872326"
tt0263124,tt0263124,nm1738698,"nm0093252,nm1004118"
tt4287610,tt4287610,nm6394566,\N
tt0259711,tt0259711,nm0001081,"nm0024622,nm0317834,nm0001081"
tt5727208,tt5727208,"nm1509478,nm1343394","nm2563482,nm1343394,nm1509478"
tt9243804,tt9243804,nm1108007,"nm1108007,nm13211290"
tt0293429,tt0293429,nm2585406,"nm3859643,nm1709264,nm3349927,nm0095460,nm0864880"
tt0042593,tt0042593,nm0712947,"nm0813584,nm0636002,nm0400568"
tt3952760,tt3952760,nm6682860,nm2694176
tt12141112,tt12141112,nm0813164,nm1888967
tt13560574,tt13560574,nm1488800,nm1488800
tt1877830,tt1877830,nm0716257,"nm0716257,nm0185976,nm0004170,nm0277730"
tt0409459,tt0409459,nm0811583,"nm1733301,nm0371684,nm0874844"
tt0117381,tt0117381,nm0387706,"nm0225942,nm0787399,nm0081189"
tt6806448,tt6806448,nm0500610,"nm0604555,nm1510800,nm0860155"
tt0115964,tt0115964,nm0000343,"nm0050618,nm0000343"
tt0094964,tt0094964,nm0000343,"nm0000343,nm0811138,nm0939562,nm0311316"
tt0080761,tt0080761,nm0192446,"nm0566699,nm0413826"
tt1464335,tt1464335,nm0281508,"nm1988994,nm1436466,nm0391344,nm2616125,nm4731086"
tt0037558,tt0037558,nm0000180,"nm0002021,nm0369743,nm0000180,nm0623768"
tt0054407,tt0054407,nm0065442,"nm0320510,nm0065442,nm0042159"
tt6710474,tt6710474,"nm3453283,nm3215397","nm3453283,nm3215397"
tt0064068,tt0064068,nm0559564,nm0559564
tt0053779,tt0053779,nm0000019,"nm0000019,nm0280919,nm0684083,nm0740021,nm0001596"
tt0032138,tt0032138,"nm0896542,nm0861703,nm0851537,nm0503777,nm0281808,nm0002030","nm0486538,nm0753249,nm0941138,nm0000875,nm0006085,nm0106505,nm0134284,nm0276252,nm0355095,nm0361971,nm0388755,nm0481618,nm0536941,nm0542534,nm0591774,nm0621790,nm0685265,nm0780833,nm0799015"
tt0015324,tt0015324,nm0000036,"nm0369841,nm0593477,nm0115669"
tt0202815,tt0202815,nm0932055,\N
tt0000016,tt0000016,nm0525910,\N
tt0063551,tt0063551,nm0001901,\N
tt9731534,tt9731534,nm1410159,"nm2049126,nm2431095"
tt0011541,tt0011541,"nm0166836,nm0000036","nm0166836,nm0000036"
tt3513500,tt3513500,nm1676223,"nm2287168,nm3096061"
tt0011071,tt0011071,"nm0166836,nm0000036","nm0166836,nm0000036"
tt0011656,tt0011656,"nm0166836,nm0000036","nm0000036,nm0166836"
tt0108394,tt0108394,nm0001425,"nm0001425,nm0682830,nm0002140,nm0954072,nm0005744"
tt0094982,tt0094982,nm0001425,"nm0001425,nm0682830"
tt0094984,tt0094984,nm0001425,"nm0001425,nm0682830"
tt12756398,tt12756398,nm9478963,nm9478963
tt0022100,tt0022100,nm0000485,"nm0902376,nm0000485,nm0414825"
tt11291274,tt11291274,nm3230448,"nm3230448,nm1072410"
tt0056801,tt0056801,nm0000019,"nm0000019,nm0280919,nm0684083,nm0740021"
tt0094987,tt0094987,nm0001425,"nm0682830,nm0001425"
tt0000417,tt0000417,nm0617588,"nm0617588,nm0894523,nm0920229"
tt0020530,tt0020530,nm0000320,"nm0198557,nm0000320"
tt0018455,tt0018455,nm0003638,"nm0562346,nm0837183,nm0385012,nm0129721"
tt0234315,tt0234315,\N,\N
tt9358200,tt9358200,nm0625747,\N
tt9419884,tt9419884,nm0000600,"nm5642271,nm0498278,nm0228492"
tt0029808,tt0029808,nm0000485,"nm0869999,nm0048305"
tt0052786,tt0052786,nm0958801,"nm0958801,nm0147599,nm0698782"
tt2709768,tt2709768,nm0719208,"nm0666791,nm0202425,nm0528244"
tt7144666,tt7144666,nm0220600,"nm0454872,nm0220600,nm1803036"
tt1753383,tt1753383,nm0002120,"nm1240326,nm0585243,nm0920108,nm0285379,nm0938645"
tt0303816,tt0303816,nm0744834,"nm0744834,nm0669132"
tt5113044,tt5113044,"nm0049633,nm1556070,nm3646390","nm3821363,nm0528244"
tt0098635,tt0098635,nm0001661,nm0001188
tt0091083,tt0091083,nm0002340,"nm0522454,nm0951206,nm0660016,nm0002340"
tt0057869,tt0057869,nm0000419,"nm0386900,nm0000419"
tt1095169,tt1095169,nm0559564,\N
tt14253846,tt14253846,nm0846369,"nm0846369,nm1582843"
tt0062690,tt0062690,nm0596261,"nm0524521,nm0596261"
tt0144782,tt0144782,nm0786987,nm0786987
tt8110652,tt8110652,nm0717603,"nm11972817,nm9682332"
tt0230600,tt0230600,nm0024622,nm0024622
tt12593682,tt12593682,nm0500610,"nm5599654,nm2157655"
tt0830211,tt0830211,nm0000419,nm0000419
tt0260354,tt0260354,nm0786987,nm0786987
tt0022462,tt0022462,nm0897118,nm0897118
tt0012255,tt0012255,"nm0166836,nm0000036","nm0166836,nm0000036"
tt0011508,tt0011508,"nm0166836,nm0000036","nm0000036,nm0166836"
tt3908142,tt3908142,nm0082366,nm0082366
tt0077975,tt0077975,nm0000484,"nm0000601,nm0448469,nm0588082"
tt0087363,tt0087363,nm0001102,nm0001060
tt0019968,tt0019968,"nm0000370,nm0454790",\N
tt1179904,tt1179904,nm2305431,nm2305431
tt0086320,tt0086320,nm0385349,nm0385349
tt0071222,tt0071222,nm0163706,nm0600860
tt15791034,tt15791034,nm1199107,nm1199107
tt0103893,tt0103893,nm0476900,nm0923736
tt0077402,tt0077402,nm0001681,nm0001681
tt18925334,tt18925334,nm1488800,"nm1488800,nm5301405"
tt0013442,tt0013442,nm0003638,"nm0301961,nm0831290"
tt0107120,tt0107120,nm0650905,"nm0456946,nm0308376,nm0193854"
tt0024803,tt0024803,nm0897118,nm0897118
tt0053472,tt0053472,nm0000419,"nm0000076,nm0000419,nm0001031"
tt0317051,tt0317051,nm0386706,\N
tt10403420,tt10403420,nm2093171,nm2093171
tt0021576,tt0021576,"nm0442100,nm0897118","nm0897118,nm0442100"
tt0000423,tt0000423,nm0617588,\N
tt1260944,tt1260944,nm0349785,\N
tt10954984,tt10954984,nm1443502,nm1443502
tt0158766,tt0158766,nm0107788,nm0107788
tt0144874,tt0144874,nm0786987,nm0786987
tt0335266,tt0335266,nm0001068,nm0001068
tt0272338,tt0272338,nm0000759,nm0000759
tt2018130,tt2018130,nm2093171,nm2093171
tt0887261,tt0887261,nm1410159,"nm2049126,nm2431095,nm0275286,nm0000850"
tt0481536,tt0481536,"nm1375358,nm1376383","nm1375358,nm1376383"
tt0120693,tt0120693,nm0205542,"nm0152638,nm0107366"
